Order Date,Order ID,Product Name,Category Name,Store Name,Region,Qty,Unit Price,Cost Price,Stock Level
2025-01-01,ORD-10001,iPad Air 5th Gen,Electronics,Delhi North,North,2.0,55000,42000,72
2025-01-01,ORD-10002,Nike Air Max Sneakers,Apparel,Kolkata South,East,1.0,9500,5500,123
2025-01-01,ORD-10003,iPhone 15 Pro,Electronics,Chennai Central,South,2.0,120000,95000,74
2025-01-01,ORD-10004,Dyson Airwrap Styler,Home & Kitchen,Kolkata South,East,2.0,49000,38000,122
2025-01-02,ORD-10005,Ergonomic Office Chair,Furniture,Mumbai West,West,4.0,18000,11000,102
2025-01-02,ORD-10006,Solid Wood Dining Table,Furniture,Mumbai West,West,3.0,45000,30000,41
2025-01-02,ORD-10007,Sony WH-1000XM5 Headphones,Electronics,Chennai Central,South,3.0,28000,20000,103
2025-01-02,ORD-10008,Nespresso Coffee Machine,Home & Kitchen,Chennai Central,South,4.0,18500,12500,46
2025-01-02,ORD-10009,Organic Extra Virgin Olive Oil 1L,Grocery,Kolkata South,East,6.0,1400,950,64
2025-01-02,ORD-10010,iPhone 15 Pro,Electronics,Mumbai West,West,3.0,120000,95000,35
2025-01-02,ORD-10011,Nike Air Max Sneakers,Apparel,Bengaluru East,South,3.0,9500,5500,131
2025-01-02,ORD-10012,Solid Wood Dining Table,Furniture,Delhi North,North,3.0,45000,30000,68
2025-01-03,ORD-10013,Dell XPS 15,Electronics,Mumbai West,West,2.0,140000,110000,56
2025-01-03,ORD-10014,Imported Coffee Beans 500g,Grocery,Delhi North,North,6.0,1200,750,29
2025-01-03,ORD-10015,Nike Air Max Sneakers,Apparel,Delhi North,North,4.0,9500,5500,83
2025-01-03,ORD-10016,Samsung Galaxy S24,Electronics,Kolkata South,East,,90000,72000,69
2025-01-03,ORD-10017,Imported Coffee Beans 500g,Grocery,Bengaluru East,South,5.0,1200,750,50
2025-01-03,ORD-10018,Puma Track Pants,Apparel,Kolkata South,East,3.0,2200,1100,124
2025-01-04,ORD-10019,Artisanal Dark Chocolate Pack,Grocery,Mumbai West,West,8.0,650,380,38
2025-01-04,ORD-10020,iPhone 15 Pro,Electronics,Mumbai West,West,2.0,120000,95000,123
2025-01-04,ORD-10021,Dyson Airwrap Styler,Home & Kitchen,Bengaluru East,South,4.0,49000,38000,134
2025-01-04,ORD-10022,Dyson Airwrap Styler,Home & Kitchen,Chennai Central,South,3.0,49000,38000,3
2025-01-04,ORD-10023,Zara Cotton Shirt,Apparel,Chennai Central,South,3.0,2500,1200,143
2025-01-04,ORD-10024,Puma Track Pants,Apparel,Chennai Central,South,3.0,2200,1100,144
2025-01-04,ORD-10025,Philips Air Fryer XL,Home & Kitchen,Mumbai West,West,3.0,12500,8500,56
2025-01-04,ORD-10026,Dyson Airwrap Styler,Home & Kitchen,Kolkata South,East,3.0,49000,38000,2
2025-01-04,ORD-10027,Solid Wood Dining Table,Furniture,Chennai Central,South,2.0,45000,30000,35
2025-01-04,ORD-10028,iPad Air 5th Gen,Electronics,Bengaluru East,South,1.0,55000,42000,47
2025-01-04,ORD-10029,Zara Cotton Shirt,Apparel,Kolkata South,East,2.0,2500,1200,82
2025-01-05,ORD-10030,Robot Vacuum Cleaner,Home & Kitchen,Mumbai West,West,2.0,29000,19000,94
2025-01-05,ORD-10031,Artisanal Dark Chocolate Pack,Grocery,Bengaluru East,South,2.0,650,380,78
2025-01-05,ORD-10032,Nike Air Max Sneakers,Apparel,Delhi North,North,1.0,9500,5500,73
2025-01-05,ORD-10033,Philips Air Fryer XL,Home & Kitchen,Chennai Central,South,1.0,12500,8500,30
2025-01-05,ORD-10034,Nike Air Max Sneakers,Apparel,Chennai Central,South,3.0,9500,5500,33
2025-01-05,ORD-10035,Philips Air Fryer XL,Home & Kitchen,Delhi North,North,4.0,12500,8500,69
2025-01-05,ORD-10036,Philips Air Fryer XL,Home & Kitchen,Kolkata South,East,4.0,12500,8500,77
2025-01-05,ORD-10037,Imported Coffee Beans 500g,Grocery,Mumbai West,West,2.0,1200,750,125
2025-01-05,ORD-10038,Standing Desk Dual Motor,Furniture,Bengaluru East,South,4.0,32000,21000,28
2025-01-05,ORD-10039,iPhone 15 Pro,Electronics,Bengaluru East,South,3.0,120000,95000,42
2025-01-05,ORD-10040,Levi's Denim Jacket,Apparel,Mumbai West,West,4.0,4500,2400,50
2025-01-06,ORD-10041,Adidas Ultraboost,Apparel,Bengaluru East,South,2.0,12000,7000,34
2025-01-06,ORD-10042,Organic Extra Virgin Olive Oil 1L,Grocery,Chennai Central,South,2.0,1400,950,75
2025-01-06,ORD-10043,Zara Cotton Shirt,Apparel,Bengaluru East,South,4.0,-500,1200,69
2025-01-06,ORD-10044,Organic Extra Virgin Olive Oil 1L,Grocery,Mumbai West,West,1.0,1400,950,114
2025-01-06,ORD-10045,Standing Desk Dual Motor,Furniture,Delhi North,North,4.0,32000,21000,139
2025-01-06,ORD-10046,Levi's Denim Jacket,Apparel,Delhi North,North,2.0,4500,2400,29
2025-01-06,ORD-10047,Dyson Airwrap Styler,Home & Kitchen,Delhi North,North,1.0,49000,38000,27
2025-01-07,ORD-10048,Philips Air Fryer XL,Home & Kitchen,Chennai Central,South,1.0,12500,8500,62
2025-01-07,ORD-10049,Dell XPS 15,Electronics,Chennai Central,South,2.0,140000,110000,118
2025-01-07,ORD-10050,Dell XPS 15,Electronics,Mumbai West,West,1.0,140000,110000,35
2025-01-07,ORD-10051,Artisanal Dark Chocolate Pack,Grocery,Delhi North,North,6.0,650,380,76
2025-01-07,ORD-10052,Standing Desk Dual Motor,Furniture,Mumbai West,West,3.0,32000,21000,132
2025-01-07,ORD-10053,Ergonomic Office Chair,Furniture,Chennai Central,South,4.0,18000,11000,40
2025-01-07,ORD-10054,Dell XPS 15,Electronics,Mumbai West,West,3.0,140000,110000,48
2025-01-07,ORD-10055,Ergonomic Office Chair,Furniture,Mumbai West,West,3.0,18000,11000,87
2025-01-08,ORD-10056,Artisanal Dark Chocolate Pack,Grocery,Kolkata South,East,5.0,650,380,41
2025-01-08,ORD-10057,Adidas Ultraboost,Apparel,Chennai Central,South,1.0,12000,7000,54
2025-01-08,ORD-10058,Minimalist Sofa 3-Seater,Furniture,Kolkata South,East,2.0,60000,40000,102
2025-01-08,ORD-10059,Adidas Ultraboost,Apparel,Kolkata South,East,4.0,12000,7000,79
2025-01-08,ORD-10060,iPhone 15 Pro,Electronics,Bengaluru East,South,3.0,120000,95000,26
2025-01-09,ORD-10061,Solid Wood Dining Table,Furniture,Delhi North,North,2.0,45000,30000,128
2025-01-09,ORD-10062,Robot Vacuum Cleaner,Home & Kitchen,Kolkata South,East,1.0,29000,19000,43
2025-01-09,ORD-10063,iPad Air 5th Gen,Electronics,Mumbai West,West,1.0,55000,42000,109
2025-01-09,ORD-10064,Philips Air Fryer XL,Home & Kitchen,Bengaluru East,South,2.0,12500,8500,25
2025-01-10,ORD-10065,Ergonomic Office Chair,Furniture,Delhi North,North,2.0,18000,11000,78
2025-01-10,ORD-10066,MacBook Air M3,Electronics,Kolkata South,East,4.0,115000,90000,54
2025-01-10,ORD-10067,Levi's Denim Jacket,Apparel,Mumbai West,West,4.0,4500,2400,21
2025-01-10,ORD-10068,Adidas Ultraboost,Apparel,Bengaluru East,South,2.0,12000,7000,83
2025-01-10,ORD-10069,Nike Air Max Sneakers,Apparel,Bengaluru East,South,1.0,9500,5500,135
2025-01-10,ORD-10070,Levi's Denim Jacket,Apparel,Bengaluru East,South,3.0,4500,2400,93
2025-01-11,ORD-10071,Nike Air Max Sneakers,Apparel,Mumbai West,West,4.0,9500,5500,99
2025-01-11,ORD-10072,Ergonomic Office Chair,Furniture,Delhi North,North,3.0,18000,11000,145
2025-01-11,ORD-10073,Artisanal Dark Chocolate Pack,Grocery,Chennai Central,South,5.0,650,380,60
2025-01-11,ORD-10074,Nespresso Coffee Machine,Home & Kitchen,Chennai Central,South,1.0,18500,12500,126
2025-01-11,ORD-10075,Minimalist Sofa 3-Seater,Furniture,Bengaluru East,South,1.0,60000,40000,113
2025-01-11,ORD-10076,Philips Air Fryer XL,Home & Kitchen,Delhi North,North,1.0,12500,8500,126
2025-01-11,ORD-10077,Dell XPS 15,Electronics,Kolkata South,East,2.0,140000,110000,108
2025-01-11,ORD-10078,Organic Extra Virgin Olive Oil 1L,Grocery,Delhi North,North,2.0,1400,950,91
2025-01-12,ORD-10079,Standing Desk Dual Motor,Furniture,Delhi North,North,4.0,32000,21000,90
2025-01-12,ORD-10080,Philips Air Fryer XL,Home & Kitchen,Mumbai West,West,4.0,12500,8500,112
2025-01-12,ORD-10081,Puma Track Pants,Apparel,Kolkata South,East,3.0,2200,1100,118
2025-01-12,ORD-10082,Dyson Airwrap Styler,Home & Kitchen,Delhi North,North,3.0,49000,38000,68
2025-01-12,ORD-10083,Nespresso Coffee Machine,Home & Kitchen,Bengaluru East,South,4.0,18500,12500,128
2025-01-12,ORD-10084,Puma Track Pants,Apparel,Bengaluru East,South,2.0,2200,1100,36
2025-01-12,ORD-10085,Minimalist Sofa 3-Seater,Furniture,Chennai Central,South,2.0,60000,40000,94
2025-01-12,ORD-10086,Levi's Denim Jacket,Apparel,Mumbai West,West,1.0,4500,2400,26
2025-01-12,ORD-10087,Zara Cotton Shirt,Apparel,Kolkata South,East,1.0,2500,1200,131
2025-01-12,ORD-10088,Premium Basmati Rice 5kg,Grocery,Bengaluru East,South,7.0,850,580,77
2025-01-12,ORD-10089,Nike Air Max Sneakers,Apparel,Chennai Central,South,4.0,9500,5500,71
2025-01-13,ORD-10090,Robot Vacuum Cleaner,Home & Kitchen,Chennai Central,South,2.0,29000,19000,46
2025-01-13,ORD-10091,Premium Basmati Rice 5kg,Grocery,Bengaluru East,South,8.0,850,580,144
2025-01-13,ORD-10092,Imported Coffee Beans 500g,Grocery,Mumbai West,West,8.0,1200,750,81
2025-01-13,ORD-10093,Adidas Ultraboost,Apparel,Kolkata South,East,4.0,12000,7000,76
2025-01-13,ORD-10094,Standing Desk Dual Motor,Furniture,Chennai Central,South,3.0,32000,21000,75
2025-01-14,ORD-10095,Minimalist Sofa 3-Seater,Furniture,Kolkata South,East,1.0,60000,40000,50
2025-01-14,ORD-10096,Levi's Denim Jacket,Apparel,Bengaluru East,South,2.0,4500,2400,69
2025-01-14,ORD-10097,Sony WH-1000XM5 Headphones,Electronics,Bengaluru East,South,3.0,28000,20000,134
2025-01-14,ORD-10098,Organic Extra Virgin Olive Oil 1L,Grocery,Mumbai West,West,7.0,1400,950,20
2025-01-14,ORD-10099,Robot Vacuum Cleaner,Home & Kitchen,Bengaluru East,South,1.0,29000,19000,105
2025-01-14,ORD-10100,Standing Desk Dual Motor,Furniture,Bengaluru East,South,2.0,32000,21000,139
2025-01-15,ORD-10101,Standing Desk Dual Motor,Furniture,Bengaluru East,South,1.0,32000,21000,114
2025-01-15,ORD-10102,Standing Desk Dual Motor,Furniture,Mumbai West,West,4.0,32000,21000,47
2025-01-15,ORD-10103,Dyson Airwrap Styler,Home & Kitchen,Bengaluru East,South,1.0,49000,38000,36
2025-01-15,ORD-10104,Zara Cotton Shirt,Apparel,Mumbai West,West,1.0,2500,1200,81
2025-01-15,ORD-10105,Artisanal Dark Chocolate Pack,Grocery,Mumbai West,West,6.0,650,380,101
2025-01-16,ORD-10106,Standing Desk Dual Motor,Furniture,Delhi North,North,1.0,32000,21000,135
2025-01-16,ORD-10107,iPad Air 5th Gen,Electronics,Kolkata South,East,1.0,55000,42000,104
2025-01-16,ORD-10108,Nike Air Max Sneakers,Apparel,Chennai Central,South,1.0,9500,5500,78
2025-01-16,ORD-10109,Nike Air Max Sneakers,Apparel,Kolkata South,East,2.0,9500,5500,76
2025-01-16,ORD-10110,Zara Cotton Shirt,Apparel,Chennai Central,South,2.0,2500,1200,134
2025-01-16,ORD-10111,Minimalist Sofa 3-Seater,Furniture,Mumbai West,West,1.0,60000,40000,56
2025-01-16,ORD-10112,Ergonomic Office Chair,Furniture,Kolkata South,East,1.0,18000,11000,94
2025-01-17,ORD-10113,Imported Coffee Beans 500g,Grocery,Mumbai West,West,4.0,1200,750,41
2025-01-17,ORD-10114,Ergonomic Office Chair,Furniture,Kolkata South,East,1.0,18000,11000,103
2025-01-17,ORD-10115,Robot Vacuum Cleaner,Home & Kitchen,Delhi North,North,1.0,29000,19000,144
2025-01-17,ORD-10116,Ergonomic Office Chair,Furniture,Bengaluru East,South,4.0,18000,11000,42
2025-01-17,ORD-10117,Artisanal Dark Chocolate Pack,Grocery,Bengaluru East,South,7.0,650,380,60
2025-01-17,ORD-10118,Nespresso Coffee Machine,Home & Kitchen,Kolkata South,East,4.0,18500,12500,134
2025-01-17,ORD-10119,Artisanal Dark Chocolate Pack,Grocery,Delhi North,North,2.0,650,380,86
2025-01-17,ORD-10120,Premium Basmati Rice 5kg,Grocery,Bengaluru East,South,6.0,850,580,22
2025-01-18,ORD-10121,Solid Wood Dining Table,Furniture,Bengaluru East,South,2.0,45000,30000,105
2025-01-18,ORD-10122,Minimalist Sofa 3-Seater,Furniture,Delhi North,North,3.0,60000,40000,17
2025-01-18,ORD-10123,Philips Air Fryer XL,Home & Kitchen,Chennai Central,South,2.0,12500,8500,119
2025-01-18,ORD-10124,Premium Basmati Rice 5kg,Grocery,Bengaluru East,South,8.0,850,580,19
2025-01-18,ORD-10125,MacBook Air M3,Electronics,Mumbai West,West,4.0,115000,90000,77
2025-01-18,ORD-10126,Minimalist Sofa 3-Seater,Furniture,Bengaluru East,South,3.0,60000,40000,123
2025-01-18,ORD-10127,Nespresso Coffee Machine,Home & Kitchen,Delhi North,North,4.0,18500,12500,84
2025-01-18,ORD-10128,Minimalist Sofa 3-Seater,Furniture,Mumbai West,West,1.0,60000,40000,64
2025-01-18,ORD-10129,Ergonomic Office Chair,Furniture,Kolkata South,East,2.0,18000,11000,64
2025-01-18,ORD-10130,Zara Cotton Shirt,Apparel,Delhi North,North,3.0,2500,1200,40
2025-01-19,ORD-10131,Solid Wood Dining Table,Furniture,Delhi North,North,2.0,45000,30000,92
2025-01-19,ORD-10132,iPad Air 5th Gen,Electronics,Kolkata South,East,2.0,55000,42000,85
2025-01-19,ORD-10133,iPhone 15 Pro,Electronics,Kolkata South,East,3.0,120000,95000,47
2025-01-19,ORD-10134,Organic Extra Virgin Olive Oil 1L,Grocery,Chennai Central,South,8.0,1400,950,137
2025-01-19,ORD-10135,Artisanal Dark Chocolate Pack,Grocery,Mumbai West,West,5.0,650,380,137
2025-01-19,ORD-10136,iPhone 15 Pro,Electronics,Bengaluru East,South,4.0,120000,95000,33
2025-01-19,ORD-10137,Dyson Airwrap Styler,Home & Kitchen,Mumbai West,West,2.0,49000,38000,1
2025-01-19,ORD-10138,Dell XPS 15,Electronics,Bengaluru East,South,2.0,140000,110000,148
2025-01-20,ORD-10139,Imported Coffee Beans 500g,Grocery,Delhi North,North,5.0,1200,750,30
2025-01-20,ORD-10140,Dyson Airwrap Styler,Home & Kitchen,Mumbai West,West,2.0,49000,38000,82
2025-01-20,ORD-10141,Levi's Denim Jacket,Apparel,Mumbai West,West,1.0,4500,2400,55
2025-01-20,ORD-10142,Sony WH-1000XM5 Headphones,Electronics,Bengaluru East,South,4.0,28000,20000,89
2025-01-20,ORD-10143,Samsung Galaxy S24,Electronics,Delhi North,North,3.0,90000,72000,131
2025-01-20,ORD-10144,iPad Air 5th Gen,Electronics,Mumbai West,West,3.0,55000,42000,65
2025-01-20,ORD-10145,Organic Extra Virgin Olive Oil 1L,Grocery,Kolkata South,East,3.0,1400,950,83
2025-01-21,ORD-10146,iPhone 15 Pro,Electronics,Mumbai West,West,3.0,120000,95000,88
2025-01-21,ORD-10147,Organic Extra Virgin Olive Oil 1L,Grocery,Bengaluru East,South,7.0,1400,950,84
2025-01-21,ORD-10148,Robot Vacuum Cleaner,Home & Kitchen,Bengaluru East,South,1.0,29000,19000,25
2025-01-21,ORD-10149,Artisanal Dark Chocolate Pack,Grocery,Kolkata South,East,1.0,650,380,38
2025-01-21,ORD-10150,Puma Track Pants,Apparel,Kolkata South,East,1.0,2200,1100,83
2025-01-22,ORD-10151,Samsung Galaxy S24,Electronics,Bengaluru East,South,4.0,90000,72000,86
2025-01-22,ORD-10152,Puma Track Pants,Apparel,Bengaluru East,South,4.0,2200,1100,38
2025-01-22,ORD-10153,Artisanal Dark Chocolate Pack,Grocery,Bengaluru East,South,6.0,650,380,41
2025-01-22,ORD-10154,Adidas Ultraboost,Apparel,Bengaluru East,South,4.0,12000,7000,88
2025-01-22,ORD-10155,Organic Extra Virgin Olive Oil 1L,Grocery,Bengaluru East,South,6.0,1400,950,79
2025-01-22,ORD-10156,Ergonomic Office Chair,Furniture,Bengaluru East,South,1.0,18000,11000,133
2025-01-22,ORD-10157,Organic Extra Virgin Olive Oil 1L,Grocery,Mumbai West,West,8.0,1400,950,128
2025-01-22,ORD-10158,Samsung Galaxy S24,Electronics,Delhi North,North,2.0,90000,72000,88
2025-01-23,ORD-10159,Organic Extra Virgin Olive Oil 1L,Grocery,Chennai Central,South,3.0,1400,950,94
2025-01-23,ORD-10160,Dyson Airwrap Styler,Home & Kitchen,Kolkata South,East,4.0,49000,38000,38
2025-01-23,ORD-10161,Sony WH-1000XM5 Headphones,Electronics,Chennai Central,South,2.0,28000,20000,142
2025-01-23,ORD-10162,Minimalist Sofa 3-Seater,Furniture,Bengaluru East,South,4.0,60000,40000,135
2025-01-23,ORD-10163,Zara Cotton Shirt,Apparel,Kolkata South,East,2.0,2500,1200,113
2025-01-23,ORD-10164,Puma Track Pants,Apparel,Kolkata South,East,2.0,2200,1100,32
2025-01-23,ORD-10165,Standing Desk Dual Motor,Furniture,Delhi North,North,3.0,32000,21000,15
2025-01-24,ORD-10166,Standing Desk Dual Motor,Furniture,Mumbai West,West,4.0,32000,21000,138
2025-01-24,ORD-10167,Minimalist Sofa 3-Seater,Furniture,Kolkata South,East,4.0,60000,40000,131
2025-01-24,ORD-10168,Solid Wood Dining Table,Furniture,Mumbai West,West,4.0,45000,30000,74
2025-01-24,ORD-10169,Organic Extra Virgin Olive Oil 1L,Grocery,Delhi North,North,7.0,1400,950,113
2025-01-24,ORD-10170,Zara Cotton Shirt,Apparel,Chennai Central,South,2.0,2500,1200,143
2025-01-24,ORD-10171,Nespresso Coffee Machine,Home & Kitchen,Chennai Central,South,4.0,18500,12500,40
2025-01-25,ORD-10172,Organic Extra Virgin Olive Oil 1L,Grocery,Mumbai West,West,3.0,1400,950,34
2025-01-25,ORD-10173,Artisanal Dark Chocolate Pack,Grocery,Delhi North,North,2.0,650,380,99
2025-01-25,ORD-10174,Robot Vacuum Cleaner,Home & Kitchen,Delhi North,North,4.0,29000,19000,24
2025-01-25,ORD-10175,Dyson Airwrap Styler,Home & Kitchen,Mumbai West,West,3.0,49000,38000,73
2025-01-25,ORD-10176,Organic Extra Virgin Olive Oil 1L,Grocery,Chennai Central,South,3.0,1400,950,91
2025-01-25,ORD-10177,iPhone 15 Pro,Electronics,Delhi North,North,1.0,120000,95000,90
2025-01-25,ORD-10178,Minimalist Sofa 3-Seater,Furniture,Bengaluru East,South,2.0,60000,40000,77
2025-01-25,ORD-10179,Robot Vacuum Cleaner,Home & Kitchen,Kolkata South,East,2.0,29000,19000,58
2025-01-25,ORD-10180,Nike Air Max Sneakers,Apparel,Kolkata South,East,4.0,9500,5500,76
2025-01-25,ORD-10181,Premium Basmati Rice 5kg,Grocery,Mumbai West,West,5.0,850,580,132
2025-01-25,ORD-10182,Ergonomic Office Chair,Furniture,Bengaluru East,South,3.0,18000,11000,55
2025-01-26,ORD-10183,Artisanal Dark Chocolate Pack,Grocery,Kolkata South,East,7.0,650,380,79
2025-01-26,ORD-10184,Artisanal Dark Chocolate Pack,Grocery,Mumbai West,West,8.0,650,380,42
2025-01-26,ORD-10185,Zara Cotton Shirt,Apparel,Kolkata South,East,3.0,2500,1200,90
2025-01-26,ORD-10186,Ergonomic Office Chair,Furniture,Bengaluru East,South,3.0,18000,11000,17
2025-01-26,ORD-10187,Dyson Airwrap Styler,Home & Kitchen,Kolkata South,East,4.0,49000,38000,88
2025-01-26,ORD-10188,Puma Track Pants,Apparel,Delhi North,North,2.0,2200,1100,63
2025-01-26,ORD-10189,Nespresso Coffee Machine,Home & Kitchen,Mumbai West,West,1.0,18500,12500,25
2025-01-27,ORD-10190,Organic Extra Virgin Olive Oil 1L,Grocery,Kolkata South,East,3.0,1400,950,38
2025-01-27,ORD-10191,Minimalist Sofa 3-Seater,Furniture,Bengaluru East,South,2.0,60000,40000,66
2025-01-27,ORD-10192,Puma Track Pants,Apparel,Delhi North,North,3.0,2200,1100,57
2025-01-27,ORD-10193,Standing Desk Dual Motor,Furniture,Delhi North,North,3.0,32000,21000,44
2025-01-27,ORD-10194,Organic Extra Virgin Olive Oil 1L,Grocery,Mumbai West,West,7.0,1400,950,108
2025-01-27,ORD-10195,Sony WH-1000XM5 Headphones,Electronics,Chennai Central,South,3.0,28000,20000,46
2025-01-28,ORD-10196,Minimalist Sofa 3-Seater,Furniture,Kolkata South,East,4.0,60000,40000,110
2025-01-28,ORD-10197,iPad Air 5th Gen,Electronics,Mumbai West,West,4.0,55000,42000,21
2025-01-28,ORD-10198,Nespresso Coffee Machine,Home & Kitchen,Kolkata South,East,2.0,18500,12500,31
2025-01-28,ORD-10199,Artisanal Dark Chocolate Pack,Grocery,Bengaluru East,South,3.0,650,380,26
2025-01-28,ORD-10200,MacBook Air M3,Electronics,Bengaluru East,South,1.0,115000,90000,39
2025-01-28,ORD-10201,Puma Track Pants,Apparel,Mumbai West,West,4.0,2200,1100,131
2025-01-28,ORD-10202,Standing Desk Dual Motor,Furniture,Kolkata South,East,2.0,32000,21000,121
2025-01-29,ORD-10203,Imported Coffee Beans 500g,Grocery,Delhi North,North,6.0,1200,750,70
2025-01-29,ORD-10204,Imported Coffee Beans 500g,Grocery,Mumbai West,West,2.0,1200,750,109
2025-01-29,ORD-10205,Nespresso Coffee Machine,Home & Kitchen,Chennai Central,South,4.0,18500,12500,85
2025-01-29,ORD-10206,Nike Air Max Sneakers,Apparel,Bengaluru East,South,1.0,9500,5500,69
2025-01-30,ORD-10207,iPhone 15 Pro,Electronics,Delhi North,North,2.0,120000,95000,47
2025-01-30,ORD-10208,Philips Air Fryer XL,Home & Kitchen,Chennai Central,South,2.0,12500,8500,70
2025-01-30,ORD-10209,Adidas Ultraboost,Apparel,Mumbai West,West,1.0,12000,7000,85
2025-01-30,ORD-10210,Levi's Denim Jacket,Apparel,Kolkata South,East,3.0,4500,2400,59
2025-01-30,ORD-10211,iPad Air 5th Gen,Electronics,Chennai Central,South,2.0,55000,42000,18
2025-01-30,ORD-10212,Solid Wood Dining Table,Furniture,Kolkata South,East,3.0,45000,30000,19
2025-01-30,ORD-10213,Adidas Ultraboost,Apparel,Chennai Central,South,2.0,12000,7000,122
2025-01-30,ORD-10214,Dyson Airwrap Styler,Home & Kitchen,Chennai Central,South,4.0,49000,38000,129
2025-01-31,ORD-10215,Dyson Airwrap Styler,Home & Kitchen,Bengaluru East,South,2.0,49000,38000,26
2025-01-31,ORD-10216,Nespresso Coffee Machine,Home & Kitchen,Bengaluru East,South,1.0,18500,12500,30
2025-01-31,ORD-10217,Imported Coffee Beans 500g,Grocery,Bengaluru East,South,8.0,1200,750,128
2025-01-31,ORD-10218,iPhone 15 Pro,Electronics,Delhi North,North,2.0,120000,95000,31
2025-01-31,ORD-10219,Adidas Ultraboost,Apparel,Kolkata South,East,3.0,12000,7000,112
2025-01-31,ORD-10220,Nespresso Coffee Machine,Home & Kitchen,Bengaluru East,South,4.0,18500,12500,40
2025-01-31,ORD-10221,iPad Air 5th Gen,Electronics,Kolkata South,East,2.0,55000,42000,125
2025-01-31,ORD-10222,Premium Basmati Rice 5kg,Grocery,Bengaluru East,South,8.0,850,580,117
2025-02-01,ORD-10223,MacBook Air M3,Electronics,Bengaluru East,South,3.0,115000,90000,80
2025-02-01,ORD-10224,Solid Wood Dining Table,Furniture,Bengaluru East,South,1.0,45000,30000,38
2025-02-01,ORD-10225,iPhone 15 Pro,Electronics,Bengaluru East,South,1.0,120000,95000,110
2025-02-01,ORD-10226,Puma Track Pants,Apparel,Chennai Central,South,3.0,2200,1100,46
2025-02-01,ORD-10227,Artisanal Dark Chocolate Pack,Grocery,Bengaluru East,South,5.0,650,380,94
2025-02-01,ORD-10228,Ergonomic Office Chair,Furniture,Kolkata South,East,2.0,18000,11000,54
2025-02-01,ORD-10229,Premium Basmati Rice 5kg,Grocery,Chennai Central,South,6.0,850,580,44
2025-02-01,ORD-10230,Solid Wood Dining Table,Furniture,Bengaluru East,South,1.0,45000,30000,83
2025-02-01,ORD-10231,Samsung Galaxy S24,Electronics,Delhi North,North,3.0,90000,72000,101
2025-02-01,ORD-10232,Ergonomic Office Chair,Furniture,Mumbai West,West,2.0,18000,11000,117
2025-02-02,ORD-10233,Nike Air Max Sneakers,Apparel,Chennai Central,South,2.0,9500,5500,111
2025-02-02,ORD-10234,Imported Coffee Beans 500g,Grocery,Delhi North,North,6.0,1200,750,94
2025-02-02,ORD-10235,Ergonomic Office Chair,Furniture,Chennai Central,South,2.0,18000,11000,55
2025-02-02,ORD-10236,Dyson Airwrap Styler,Home & Kitchen,Chennai Central,South,3.0,49000,38000,128
2025-02-02,ORD-10237,Imported Coffee Beans 500g,Grocery,Bengaluru East,South,4.0,1200,750,146
2025-02-02,ORD-10238,MacBook Air M3,Electronics,Bengaluru East,South,1.0,115000,90000,87
2025-02-02,ORD-10239,Robot Vacuum Cleaner,Home & Kitchen,Kolkata South,East,3.0,29000,19000,26
2025-02-03,ORD-10240,Organic Extra Virgin Olive Oil 1L,Grocery,Chennai Central,South,5.0,1400,950,69
2025-02-03,ORD-10241,Adidas Ultraboost,Apparel,Delhi North,North,3.0,12000,7000,45
2025-02-03,ORD-10242,Sony WH-1000XM5 Headphones,Electronics,Bengaluru East,South,2.0,28000,20000,48
2025-02-03,ORD-10243,Premium Basmati Rice 5kg,Grocery,Kolkata South,East,2.0,850,580,116
2025-02-03,ORD-10244,Sony WH-1000XM5 Headphones,Electronics,Chennai Central,South,4.0,28000,20000,34
2025-02-04,ORD-10245,Robot Vacuum Cleaner,Home & Kitchen,Kolkata South,East,4.0,29000,19000,121
2025-02-04,ORD-10246,Ergonomic Office Chair,Furniture,Bengaluru East,South,1.0,18000,11000,98
2025-02-04,ORD-10247,Puma Track Pants,Apparel,Bengaluru East,South,3.0,2200,1100,37
2025-02-04,ORD-10248,Organic Extra Virgin Olive Oil 1L,Grocery,Mumbai West,West,7.0,1400,950,149
2025-02-04,ORD-10249,Sony WH-1000XM5 Headphones,Electronics,Delhi North,North,3.0,28000,20000,71
2025-02-04,ORD-10250,Solid Wood Dining Table,Furniture,Chennai Central,South,1.0,45000,30000,150
2025-02-05,ORD-10251,Adidas Ultraboost,Apparel,Delhi North,North,2.0,12000,7000,75
2025-02-05,ORD-10252,Samsung Galaxy S24,Electronics,Delhi North,North,2.0,90000,72000,59
2025-02-05,ORD-10253,Philips Air Fryer XL,Home & Kitchen,Chennai Central,South,2.0,12500,8500,141
2025-02-05,ORD-10254,Imported Coffee Beans 500g,Grocery,Kolkata South,East,6.0,1200,750,53
2025-02-05,ORD-10255,Organic Extra Virgin Olive Oil 1L,Grocery,Bengaluru East,South,5.0,1400,950,85
2025-02-05,ORD-10256,Dyson Airwrap Styler,Home & Kitchen,Delhi North,North,1.0,49000,38000,94
2025-02-05,ORD-10257,iPhone 15 Pro,Electronics,Delhi North,North,3.0,120000,95000,34
2025-02-05,ORD-10258,Dell XPS 15,Electronics,Kolkata South,East,4.0,140000,110000,133
2025-02-06,ORD-10259,Dyson Airwrap Styler,Home & Kitchen,Bengaluru East,South,2.0,49000,38000,97
2025-02-06,ORD-10260,Philips Air Fryer XL,Home & Kitchen,Chennai Central,South,4.0,12500,8500,41
2025-02-06,ORD-10261,Ergonomic Office Chair,Furniture,Kolkata South,East,2.0,18000,11000,25
2025-02-06,ORD-10262,Zara Cotton Shirt,Apparel,Bengaluru East,South,2.0,2500,1200,108
2025-02-06,ORD-10263,Minimalist Sofa 3-Seater,Furniture,Bengaluru East,South,4.0,60000,40000,101
2025-02-06,ORD-10264,Dyson Airwrap Styler,Home & Kitchen,Delhi North,North,1.0,49000,38000,3
2025-02-06,ORD-10265,Minimalist Sofa 3-Seater,Furniture,Kolkata South,East,2.0,60000,40000,100
2025-02-06,ORD-10266,Dell XPS 15,Electronics,Mumbai West,West,3.0,140000,110000,94
2025-02-07,ORD-10267,Puma Track Pants,Apparel,Chennai Central,South,3.0,2200,1100,111
2025-02-07,ORD-10268,Solid Wood Dining Table,Furniture,Kolkata South,East,1.0,45000,30000,123
2025-02-07,ORD-10269,Nespresso Coffee Machine,Home & Kitchen,Chennai Central,South,3.0,18500,12500,94
2025-02-07,ORD-10270,Levi's Denim Jacket,Apparel,Delhi North,North,4.0,4500,2400,64
2025-02-07,ORD-10271,Levi's Denim Jacket,Apparel,Mumbai West,West,1.0,4500,2400,90
2025-02-07,ORD-10272,Dell XPS 15,Electronics,Kolkata South,East,1.0,140000,110000,101
2025-02-07,ORD-10273,Philips Air Fryer XL,Home & Kitchen,Kolkata South,East,4.0,12500,8500,54
2025-02-08,ORD-10274,Puma Track Pants,Apparel,Mumbai West,West,4.0,2200,1100,26
2025-02-08,ORD-10275,Artisanal Dark Chocolate Pack,Grocery,Mumbai West,West,5.0,650,380,129
2025-02-08,ORD-10276,Puma Track Pants,Apparel,Mumbai West,West,3.0,2200,1100,135
2025-02-08,ORD-10277,Adidas Ultraboost,Apparel,Kolkata South,East,4.0,12000,7000,133
2025-02-08,ORD-10278,Standing Desk Dual Motor,Furniture,Kolkata South,East,4.0,32000,21000,56
2025-02-08,ORD-10279,Puma Track Pants,Apparel,Mumbai West,West,3.0,2200,1100,28
2025-02-08,ORD-10280,Artisanal Dark Chocolate Pack,Grocery,Kolkata South,East,2.0,650,380,87
2025-02-08,ORD-10281,Samsung Galaxy S24,Electronics,Delhi North,North,4.0,90000,72000,146
2025-02-09,ORD-10282,Organic Extra Virgin Olive Oil 1L,Grocery,Mumbai West,West,6.0,1400,950,21
2025-02-09,ORD-10283,Organic Extra Virgin Olive Oil 1L,Grocery,Bengaluru East,South,4.0,1400,950,113
2025-02-09,ORD-10284,MacBook Air M3,Electronics,Mumbai West,West,1.0,115000,90000,96
2025-02-09,ORD-10285,iPad Air 5th Gen,Electronics,Delhi North,North,2.0,55000,42000,50
2025-02-09,ORD-10286,MacBook Air M3,Electronics,Bengaluru East,South,2.0,115000,90000,135
2025-02-09,ORD-10287,Organic Extra Virgin Olive Oil 1L,Grocery,Chennai Central,South,5.0,1400,950,70
2025-02-09,ORD-10288,Puma Track Pants,Apparel,Kolkata South,East,4.0,2200,1100,43
2025-02-09,ORD-10289,Solid Wood Dining Table,Furniture,Delhi North,North,1.0,45000,30000,27
2025-02-10,ORD-10290,Imported Coffee Beans 500g,Grocery,Chennai Central,South,8.0,1200,750,19
2025-02-10,ORD-10291,Philips Air Fryer XL,Home & Kitchen,Mumbai West,West,3.0,12500,8500,124
2025-02-10,ORD-10292,Dell XPS 15,Electronics,Delhi North,North,2.0,140000,110000,121
2025-02-10,ORD-10293,Nike Air Max Sneakers,Apparel,Kolkata South,East,3.0,9500,5500,32
2025-02-10,ORD-10294,Dyson Airwrap Styler,Home & Kitchen,Bengaluru East,South,4.0,49000,38000,26
2025-02-11,ORD-10295,Ergonomic Office Chair,Furniture,Delhi North,North,1.0,18000,11000,103
2025-02-11,ORD-10296,Nike Air Max Sneakers,Apparel,Kolkata South,East,3.0,9500,5500,49
2025-02-11,ORD-10297,MacBook Air M3,Electronics,Kolkata South,East,3.0,115000,90000,59
2025-02-11,ORD-10298,Imported Coffee Beans 500g,Grocery,Mumbai West,West,2.0,1200,750,132
2025-02-11,ORD-10299,MacBook Air M3,Electronics,Mumbai West,West,1.0,115000,90000,66
2025-02-11,ORD-10300,MacBook Air M3,Electronics,Delhi North,North,4.0,115000,90000,136
2025-02-12,ORD-10301,iPad Air 5th Gen,Electronics,Mumbai West,West,3.0,55000,42000,106
2025-02-12,ORD-10302,iPad Air 5th Gen,Electronics,Delhi North,North,3.0,55000,42000,46
2025-02-12,ORD-10303,Standing Desk Dual Motor,Furniture,Bengaluru East,South,4.0,32000,21000,113
2025-02-12,ORD-10304,Solid Wood Dining Table,Furniture,Bengaluru East,South,4.0,45000,30000,109
2025-02-12,ORD-10305,Nespresso Coffee Machine,Home & Kitchen,Chennai Central,South,4.0,18500,12500,35
2025-02-12,ORD-10306,Premium Basmati Rice 5kg,Grocery,Kolkata South,East,6.0,850,580,41
2025-02-13,ORD-10307,Minimalist Sofa 3-Seater,Furniture,Delhi North,North,4.0,60000,40000,124
2025-02-13,ORD-10308,Zara Cotton Shirt,Apparel,Delhi North,North,4.0,2500,1200,25
2025-02-13,ORD-10309,Standing Desk Dual Motor,Furniture,Delhi North,North,1.0,32000,21000,34
2025-02-13,ORD-10310,Artisanal Dark Chocolate Pack,Grocery,Kolkata South,East,1.0,650,380,51
2025-02-14,ORD-10311,Organic Extra Virgin Olive Oil 1L,Grocery,Mumbai West,West,4.0,1400,950,108
2025-02-14,ORD-10312,Standing Desk Dual Motor,Furniture,Kolkata South,East,1.0,32000,21000,54
2025-02-14,ORD-10313,Artisanal Dark Chocolate Pack,Grocery,Delhi North,North,2.0,650,380,50
2025-02-14,ORD-10314,Nespresso Coffee Machine,Home & Kitchen,Bengaluru East,South,3.0,18500,12500,86
2025-02-14,ORD-10315,Nike Air Max Sneakers,Apparel,Chennai Central,South,2.0,9500,5500,142
2025-02-14,ORD-10316,Robot Vacuum Cleaner,Home & Kitchen,Kolkata South,East,1.0,29000,19000,82
2025-02-14,ORD-10317,Standing Desk Dual Motor,Furniture,Mumbai West,West,3.0,32000,21000,140
2025-02-14,ORD-10318,Nike Air Max Sneakers,Apparel,Mumbai West,West,1.0,9500,5500,130
2025-02-15,ORD-10319,Organic Extra Virgin Olive Oil 1L,Grocery,Delhi North,North,2.0,1400,950,89
2025-02-15,ORD-10320,Solid Wood Dining Table,Furniture,Mumbai West,West,3.0,45000,30000,145
2025-02-15,ORD-10321,Nike Air Max Sneakers,Apparel,Mumbai West,West,2.0,9500,5500,75
2025-02-15,ORD-10322,Organic Extra Virgin Olive Oil 1L,Grocery,Delhi North,North,8.0,1400,950,48
2025-02-15,ORD-10323,Dyson Airwrap Styler,Home & Kitchen,Chennai Central,South,3.0,49000,38000,116
2025-02-15,ORD-10324,Imported Coffee Beans 500g,Grocery,Bengaluru East,South,3.0,1200,750,96
2025-02-15,ORD-10325,Sony WH-1000XM5 Headphones,Electronics,Bengaluru East,South,3.0,28000,20000,47
2025-02-15,ORD-10326,Philips Air Fryer XL,Home & Kitchen,Mumbai West,West,4.0,12500,8500,143
2025-02-16,ORD-10327,Dell XPS 15,Electronics,Mumbai West,West,3.0,140000,110000,57
2025-02-16,ORD-10328,Adidas Ultraboost,Apparel,Mumbai West,West,3.0,12000,7000,147
2025-02-16,ORD-10329,Ergonomic Office Chair,Furniture,Delhi North,North,2.0,18000,11000,85
2025-02-16,ORD-10330,Adidas Ultraboost,Apparel,Kolkata South,East,1.0,12000,7000,143
2025-02-16,ORD-10331,Puma Track Pants,Apparel,Kolkata South,East,2.0,2200,1100,58
2025-02-16,ORD-10332,Nespresso Coffee Machine,Home & Kitchen,Kolkata South,East,1.0,18500,12500,22
2025-02-16,ORD-10333,iPhone 15 Pro,Electronics,Kolkata South,East,3.0,120000,95000,68
2025-02-17,ORD-10334,Organic Extra Virgin Olive Oil 1L,Grocery,Bengaluru East,South,5.0,1400,950,138
2025-02-17,ORD-10335,Zara Cotton Shirt,Apparel,Delhi North,North,4.0,2500,1200,33
2025-02-17,ORD-10336,Samsung Galaxy S24,Electronics,Bengaluru East,South,4.0,90000,72000,138
2025-02-17,ORD-10337,Premium Basmati Rice 5kg,Grocery,Delhi North,North,6.0,850,580,96
2025-02-17,ORD-10338,Standing Desk Dual Motor,Furniture,Mumbai West,West,3.0,32000,21000,146
2025-02-17,ORD-10339,Dyson Airwrap Styler,Home & Kitchen,Delhi North,North,2.0,49000,38000,3
2025-02-17,ORD-10340,Levi's Denim Jacket,Apparel,Chennai Central,South,1.0,4500,2400,89
2025-02-17,ORD-10341,Imported Coffee Beans 500g,Grocery,Mumbai West,West,6.0,1200,750,95
2025-02-18,ORD-10342,Zara Cotton Shirt,Apparel,Kolkata South,East,4.0,2500,1200,142
2025-02-18,ORD-10343,Standing Desk Dual Motor,Furniture,Chennai Central,South,1.0,32000,21000,115
2025-02-18,ORD-10344,Robot Vacuum Cleaner,Home & Kitchen,Mumbai West,West,2.0,29000,19000,105
2025-02-18,ORD-10345,iPhone 15 Pro,Electronics,Delhi North,North,4.0,120000,95000,135
2025-02-18,ORD-10346,Ergonomic Office Chair,Furniture,Chennai Central,South,4.0,18000,11000,49
2025-02-19,ORD-10347,Standing Desk Dual Motor,Furniture,Delhi North,North,1.0,32000,21000,117
2025-02-19,ORD-10348,Dell XPS 15,Electronics,Kolkata South,East,2.0,140000,110000,107
2025-02-19,ORD-10349,Nespresso Coffee Machine,Home & Kitchen,Chennai Central,South,4.0,18500,12500,144
2025-02-19,ORD-10350,Artisanal Dark Chocolate Pack,Grocery,Kolkata South,East,3.0,650,380,39
2025-02-19,ORD-10351,Artisanal Dark Chocolate Pack,Grocery,Delhi North,North,3.0,650,380,65
2025-02-19,ORD-10352,Robot Vacuum Cleaner,Home & Kitchen,Kolkata South,East,1.0,29000,19000,26
2025-02-20,ORD-10353,Adidas Ultraboost,Apparel,Bengaluru East,South,4.0,12000,7000,53
2025-02-20,ORD-10354,Philips Air Fryer XL,Home & Kitchen,Delhi North,North,3.0,12500,8500,56
2025-02-20,ORD-10355,Artisanal Dark Chocolate Pack,Grocery,Kolkata South,East,8.0,650,380,91
2025-02-20,ORD-10356,Organic Extra Virgin Olive Oil 1L,Grocery,Delhi North,North,2.0,1400,950,121
2025-02-21,ORD-10357,Ergonomic Office Chair,Furniture,Kolkata South,East,4.0,18000,11000,82
2025-02-21,ORD-10358,Philips Air Fryer XL,Home & Kitchen,Chennai Central,South,4.0,12500,8500,58
2025-02-21,ORD-10359,Robot Vacuum Cleaner,Home & Kitchen,Mumbai West,West,2.0,29000,19000,23
2025-02-21,ORD-10360,Dyson Airwrap Styler,Home & Kitchen,Mumbai West,West,1.0,49000,38000,127
2025-02-21,ORD-10361,Zara Cotton Shirt,Apparel,Mumbai West,West,4.0,2500,1200,143
2025-02-21,ORD-10362,Robot Vacuum Cleaner,Home & Kitchen,Chennai Central,South,2.0,29000,19000,147
2025-02-21,ORD-10363,Puma Track Pants,Apparel,Delhi North,North,4.0,2200,1100,149
2025-02-21,ORD-10364,Artisanal Dark Chocolate Pack,Grocery,Mumbai West,West,6.0,650,380,105
2025-02-22,ORD-10365,Standing Desk Dual Motor,Furniture,Mumbai West,West,2.0,32000,21000,86
2025-02-22,ORD-10366,Nespresso Coffee Machine,Home & Kitchen,Mumbai West,West,3.0,18500,12500,88
2025-02-22,ORD-10367,Zara Cotton Shirt,Apparel,Delhi North,North,4.0,2500,1200,104
2025-02-22,ORD-10368,Nespresso Coffee Machine,Home & Kitchen,Delhi North,North,1.0,18500,12500,112
2025-02-22,ORD-10369,Artisanal Dark Chocolate Pack,Grocery,Mumbai West,West,1.0,650,380,88
2025-02-22,ORD-10370,MacBook Air M3,Electronics,Bengaluru East,South,3.0,115000,90000,137
2025-02-22,ORD-10371,Levi's Denim Jacket,Apparel,Kolkata South,East,3.0,4500,2400,84
2025-02-22,ORD-10372,Nike Air Max Sneakers,Apparel,Kolkata South,East,2.0,9500,5500,77
2025-02-22,ORD-10373,iPad Air 5th Gen,Electronics,Kolkata South,East,2.0,55000,42000,74
2025-02-22,ORD-10374,iPhone 15 Pro,Electronics,Bengaluru East,South,3.0,120000,95000,135
2025-02-22,ORD-10375,iPad Air 5th Gen,Electronics,Mumbai West,West,1.0,55000,42000,55
2025-02-22,ORD-10376,Imported Coffee Beans 500g,Grocery,Bengaluru East,South,5.0,1200,750,97
2025-02-23,ORD-10377,iPhone 15 Pro,Electronics,Kolkata South,East,2.0,120000,95000,24
2025-02-23,ORD-10378,Zara Cotton Shirt,Apparel,Mumbai West,West,1.0,2500,1200,116
2025-02-23,ORD-10379,Premium Basmati Rice 5kg,Grocery,Delhi North,North,1.0,850,580,91
2025-02-23,ORD-10380,Dyson Airwrap Styler,Home & Kitchen,Delhi North,North,3.0,49000,38000,131
2025-02-23,ORD-10381,Robot Vacuum Cleaner,Home & Kitchen,Mumbai West,West,4.0,29000,19000,84
2025-02-23,ORD-10382,Nike Air Max Sneakers,Apparel,Delhi North,North,2.0,9500,5500,132
2025-02-23,ORD-10383,Solid Wood Dining Table,Furniture,Chennai Central,South,3.0,45000,30000,90
2025-02-23,ORD-10384,Philips Air Fryer XL,Home & Kitchen,Mumbai West,West,4.0,12500,8500,124
2025-02-23,ORD-10385,Nespresso Coffee Machine,Home & Kitchen,Chennai Central,South,4.0,18500,12500,39
2025-02-24,ORD-10386,Zara Cotton Shirt,Apparel,Delhi North,North,2.0,2500,1200,16
2025-02-24,ORD-10387,Standing Desk Dual Motor,Furniture,Mumbai West,West,4.0,32000,21000,83
2025-02-24,ORD-10388,Minimalist Sofa 3-Seater,Furniture,Kolkata South,East,1.0,60000,40000,81
2025-02-24,ORD-10389,Solid Wood Dining Table,Furniture,Chennai Central,South,1.0,45000,30000,134
2025-02-24,ORD-10390,Solid Wood Dining Table,Furniture,Bengaluru East,South,3.0,45000,30000,45
2025-02-25,ORD-10391,Solid Wood Dining Table,Furniture,Mumbai West,West,2.0,45000,30000,137
2025-02-25,ORD-10392,Zara Cotton Shirt,Apparel,Kolkata South,East,3.0,2500,1200,121
2025-02-25,ORD-10393,Robot Vacuum Cleaner,Home & Kitchen,Kolkata South,East,2.0,29000,19000,78
2025-02-25,ORD-10394,Dyson Airwrap Styler,Home & Kitchen,Kolkata South,East,4.0,49000,38000,150
2025-02-25,ORD-10395,Dell XPS 15,Electronics,Chennai Central,South,1.0,140000,110000,144
2025-02-25,ORD-10396,Puma Track Pants,Apparel,Kolkata South,East,2.0,2200,1100,57
2025-02-26,ORD-10397,Robot Vacuum Cleaner,Home & Kitchen,Chennai Central,South,2.0,29000,19000,140
2025-02-26,ORD-10398,Dell XPS 15,Electronics,Bengaluru East,South,1.0,140000,110000,131
2025-02-26,ORD-10399,Puma Track Pants,Apparel,Bengaluru East,South,4.0,2200,1100,29
2025-02-26,ORD-10400,Robot Vacuum Cleaner,Home & Kitchen,Delhi North,North,1.0,29000,19000,116
2025-02-26,ORD-10401,Ergonomic Office Chair,Furniture,Mumbai West,West,1.0,18000,11000,26
2025-02-26,ORD-10402,Artisanal Dark Chocolate Pack,Grocery,Chennai Central,South,2.0,650,380,135
2025-02-27,ORD-10403,Standing Desk Dual Motor,Furniture,Mumbai West,West,2.0,32000,21000,122
2025-02-27,ORD-10404,Standing Desk Dual Motor,Furniture,Bengaluru East,South,4.0,32000,21000,111
2025-02-27,ORD-10405,iPad Air 5th Gen,Electronics,Kolkata South,East,2.0,55000,42000,104
2025-02-27,ORD-10406,Samsung Galaxy S24,Electronics,Kolkata South,East,4.0,90000,72000,150
2025-02-28,ORD-10407,Nike Air Max Sneakers,Apparel,Chennai Central,South,3.0,9500,5500,133
2025-02-28,ORD-10408,Robot Vacuum Cleaner,Home & Kitchen,Kolkata South,East,4.0,29000,19000,73
2025-02-28,ORD-10409,Zara Cotton Shirt,Apparel,Delhi North,North,2.0,2500,1200,85
2025-02-28,ORD-10410,Nike Air Max Sneakers,Apparel,Chennai Central,South,4.0,9500,5500,19
2025-02-28,ORD-10411,Levi's Denim Jacket,Apparel,Chennai Central,South,1.0,4500,2400,23
2025-03-01,ORD-10412,Dyson Airwrap Styler,Home & Kitchen,Mumbai West,West,1.0,49000,38000,117
2025-03-01,ORD-10413,Philips Air Fryer XL,Home & Kitchen,Chennai Central,South,2.0,12500,8500,143
2025-03-01,ORD-10414,Solid Wood Dining Table,Furniture,Kolkata South,East,3.0,45000,30000,97
2025-03-01,ORD-10415,Adidas Ultraboost,Apparel,Mumbai West,West,2.0,12000,7000,120
2025-03-01,ORD-10416,Minimalist Sofa 3-Seater,Furniture,Chennai Central,South,2.0,60000,40000,124
2025-03-01,ORD-10417,Robot Vacuum Cleaner,Home & Kitchen,Chennai Central,South,3.0,29000,19000,112
2025-03-01,ORD-10418,Nespresso Coffee Machine,Home & Kitchen,Bengaluru East,South,4.0,18500,12500,53
2025-03-01,ORD-10419,Standing Desk Dual Motor,Furniture,Mumbai West,West,4.0,32000,21000,76
2025-03-01,ORD-10420,Adidas Ultraboost,Apparel,Mumbai West,West,4.0,12000,7000,29
2025-03-01,ORD-10421,Robot Vacuum Cleaner,Home & Kitchen,Bengaluru East,South,2.0,29000,19000,114
2025-03-02,ORD-10422,Solid Wood Dining Table,Furniture,Delhi North,North,1.0,45000,30000,130
2025-03-02,ORD-10423,Ergonomic Office Chair,Furniture,Kolkata South,East,2.0,18000,11000,28
2025-03-02,ORD-10424,Standing Desk Dual Motor,Furniture,Kolkata South,East,1.0,32000,21000,33
2025-03-02,ORD-10425,Puma Track Pants,Apparel,Kolkata South,East,2.0,2200,1100,137
2025-03-02,ORD-10426,Adidas Ultraboost,Apparel,Delhi North,North,1.0,12000,7000,69
2025-03-02,ORD-10427,Nike Air Max Sneakers,Apparel,Bengaluru East,South,2.0,9500,5500,67
2025-03-02,ORD-10428,Premium Basmati Rice 5kg,Grocery,Kolkata South,East,5.0,850,580,112
2025-03-02,ORD-10429,Artisanal Dark Chocolate Pack,Grocery,Delhi North,North,6.0,650,380,146
2025-03-03,ORD-10430,Organic Extra Virgin Olive Oil 1L,Grocery,Bengaluru East,South,4.0,1400,950,109
2025-03-03,ORD-10431,Standing Desk Dual Motor,Furniture,Chennai Central,South,2.0,32000,21000,52
2025-03-03,ORD-10432,MacBook Air M3,Electronics,Kolkata South,East,4.0,115000,90000,90
2025-03-03,ORD-10433,Levi's Denim Jacket,Apparel,Delhi North,North,2.0,4500,2400,112
2025-03-03,ORD-10434,Philips Air Fryer XL,Home & Kitchen,Bengaluru East,South,3.0,12500,8500,80
2025-03-03,ORD-10435,Imported Coffee Beans 500g,Grocery,Bengaluru East,South,6.0,1200,750,58
2025-03-03,ORD-10436,Puma Track Pants,Apparel,Bengaluru East,South,2.0,2200,1100,30
2025-03-04,ORD-10437,iPhone 15 Pro,Electronics,Chennai Central,South,1.0,120000,95000,120
2025-03-04,ORD-10438,Levi's Denim Jacket,Apparel,Chennai Central,South,2.0,4500,2400,17
2025-03-04,ORD-10439,Puma Track Pants,Apparel,Bengaluru East,South,3.0,2200,1100,30
2025-03-04,ORD-10440,Robot Vacuum Cleaner,Home & Kitchen,Bengaluru East,South,1.0,29000,19000,16
2025-03-04,ORD-10441,Robot Vacuum Cleaner,Home & Kitchen,Chennai Central,South,1.0,29000,19000,150
2025-03-04,ORD-10442,Minimalist Sofa 3-Seater,Furniture,Chennai Central,South,4.0,60000,40000,60
2025-03-04,ORD-10443,iPhone 15 Pro,Electronics,Kolkata South,East,2.0,120000,95000,76
2025-03-04,ORD-10444,Puma Track Pants,Apparel,Kolkata South,East,3.0,2200,1100,105
2025-03-05,ORD-10445,Organic Extra Virgin Olive Oil 1L,Grocery,Delhi North,North,8.0,1400,950,77
2025-03-05,ORD-10446,Adidas Ultraboost,Apparel,Chennai Central,South,1.0,12000,7000,38
2025-03-05,ORD-10447,Imported Coffee Beans 500g,Grocery,Bengaluru East,South,1.0,1200,750,17
2025-03-05,ORD-10448,Nike Air Max Sneakers,Apparel,Bengaluru East,South,4.0,9500,5500,99
2025-03-05,ORD-10449,Dyson Airwrap Styler,Home & Kitchen,Kolkata South,East,1.0,49000,38000,73
2025-03-05,ORD-10450,Robot Vacuum Cleaner,Home & Kitchen,Delhi North,North,1.0,29000,19000,34
2025-03-06,ORD-10451,Dyson Airwrap Styler,Home & Kitchen,Mumbai West,West,3.0,49000,38000,19
2025-03-06,ORD-10452,Philips Air Fryer XL,Home & Kitchen,Bengaluru East,South,1.0,12500,8500,91
2025-03-06,ORD-10453,Puma Track Pants,Apparel,Mumbai West,West,4.0,2200,1100,99
2025-03-06,ORD-10454,Premium Basmati Rice 5kg,Grocery,Chennai Central,South,1.0,850,580,40
2025-03-06,ORD-10455,Premium Basmati Rice 5kg,Grocery,Chennai Central,South,7.0,850,580,98
2025-03-06,ORD-10456,iPad Air 5th Gen,Electronics,Delhi North,North,4.0,55000,42000,140
2025-03-07,ORD-10457,Standing Desk Dual Motor,Furniture,Bengaluru East,South,2.0,32000,21000,112
2025-03-07,ORD-10458,Dell XPS 15,Electronics,Delhi North,North,2.0,140000,110000,33
2025-03-07,ORD-10459,MacBook Air M3,Electronics,Mumbai West,West,4.0,115000,90000,54
2025-03-07,ORD-10460,Artisanal Dark Chocolate Pack,Grocery,Delhi North,North,2.0,650,380,16
2025-03-07,ORD-10461,Standing Desk Dual Motor,Furniture,Delhi North,North,3.0,32000,21000,41
2025-03-08,ORD-10462,Samsung Galaxy S24,Electronics,Bengaluru East,South,4.0,90000,72000,146
2025-03-08,ORD-10463,Organic Extra Virgin Olive Oil 1L,Grocery,Chennai Central,South,6.0,1400,950,38
2025-03-08,ORD-10464,Nespresso Coffee Machine,Home & Kitchen,Bengaluru East,South,1.0,18500,12500,89
2025-03-08,ORD-10465,Imported Coffee Beans 500g,Grocery,Chennai Central,South,3.0,1200,750,112
2025-03-08,ORD-10466,Levi's Denim Jacket,Apparel,Delhi North,North,3.0,4500,2400,83
2025-03-08,ORD-10467,Premium Basmati Rice 5kg,Grocery,Chennai Central,South,7.0,850,580,85
2025-03-08,ORD-10468,Artisanal Dark Chocolate Pack,Grocery,Bengaluru East,South,6.0,650,380,79
2025-03-08,ORD-10469,Zara Cotton Shirt,Apparel,Kolkata South,East,2.0,2500,1200,132
2025-03-09,ORD-10470,Adidas Ultraboost,Apparel,Chennai Central,South,4.0,12000,7000,100
2025-03-09,ORD-10471,Robot Vacuum Cleaner,Home & Kitchen,Delhi North,North,4.0,29000,19000,100
2025-03-09,ORD-10472,Premium Basmati Rice 5kg,Grocery,Delhi North,North,4.0,850,580,137
2025-03-09,ORD-10473,Solid Wood Dining Table,Furniture,Bengaluru East,South,3.0,45000,30000,89
2025-03-09,ORD-10474,Premium Basmati Rice 5kg,Grocery,Delhi North,North,5.0,850,580,115
2025-03-09,ORD-10475,Ergonomic Office Chair,Furniture,Kolkata South,East,2.0,18000,11000,61
2025-03-09,ORD-10476,Dyson Airwrap Styler,Home & Kitchen,Bengaluru East,South,2.0,49000,38000,127
2025-03-10,ORD-10477,Imported Coffee Beans 500g,Grocery,Mumbai West,West,4.0,1200,750,79
2025-03-10,ORD-10478,Zara Cotton Shirt,Apparel,Bengaluru East,South,1.0,2500,1200,129
2025-03-10,ORD-10479,Robot Vacuum Cleaner,Home & Kitchen,Kolkata South,East,4.0,29000,19000,144
2025-03-10,ORD-10480,Organic Extra Virgin Olive Oil 1L,Grocery,Delhi North,North,2.0,1400,950,78
2025-03-11,ORD-10481,Puma Track Pants,Apparel,Chennai Central,South,4.0,2200,1100,99
2025-03-11,ORD-10482,Organic Extra Virgin Olive Oil 1L,Grocery,Chennai Central,South,5.0,1400,950,71
2025-03-11,ORD-10483,Philips Air Fryer XL,Home & Kitchen,Bengaluru East,South,3.0,12500,8500,115
2025-03-11,ORD-10484,Premium Basmati Rice 5kg,Grocery,Delhi North,North,8.0,850,580,41
2025-03-11,ORD-10485,Standing Desk Dual Motor,Furniture,Chennai Central,South,1.0,32000,21000,51
2025-03-11,ORD-10486,Minimalist Sofa 3-Seater,Furniture,Delhi North,North,4.0,60000,40000,67
2025-03-12,ORD-10487,Artisanal Dark Chocolate Pack,Grocery,Bengaluru East,South,8.0,650,380,130
2025-03-12,ORD-10488,Ergonomic Office Chair,Furniture,Delhi North,North,1.0,18000,11000,44
2025-03-12,ORD-10489,MacBook Air M3,Electronics,Chennai Central,South,2.0,115000,90000,77
2025-03-12,ORD-10490,Philips Air Fryer XL,Home & Kitchen,Kolkata South,East,2.0,12500,8500,99
2025-03-12,ORD-10491,Robot Vacuum Cleaner,Home & Kitchen,Bengaluru East,South,2.0,29000,19000,118
2025-03-12,ORD-10492,Levi's Denim Jacket,Apparel,Bengaluru East,South,4.0,4500,2400,22
2025-03-12,ORD-10493,Philips Air Fryer XL,Home & Kitchen,Bengaluru East,South,4.0,12500,8500,114
2025-03-12,ORD-10494,iPad Air 5th Gen,Electronics,Mumbai West,West,2.0,55000,42000,86
2025-03-13,ORD-10495,Dyson Airwrap Styler,Home & Kitchen,Kolkata South,East,2.0,49000,38000,108
2025-03-13,ORD-10496,Organic Extra Virgin Olive Oil 1L,Grocery,Delhi North,North,6.0,1400,950,114
2025-03-13,ORD-10497,Robot Vacuum Cleaner,Home & Kitchen,Kolkata South,East,1.0,29000,19000,104
2025-03-13,ORD-10498,Standing Desk Dual Motor,Furniture,Kolkata South,East,2.0,32000,21000,91
2025-03-14,ORD-10499,Dyson Airwrap Styler,Home & Kitchen,Mumbai West,West,3.0,49000,38000,45
2025-03-14,ORD-10500,Samsung Galaxy S24,Electronics,Delhi North,North,2.0,90000,72000,145
2025-03-14,ORD-10501,Imported Coffee Beans 500g,Grocery,Kolkata South,East,7.0,1200,750,123
2025-03-14,ORD-10502,Zara Cotton Shirt,Apparel,Kolkata South,East,2.0,2500,1200,57
2025-03-14,ORD-10503,Artisanal Dark Chocolate Pack,Grocery,Mumbai West,West,6.0,650,380,130
2025-03-14,ORD-10504,Dyson Airwrap Styler,Home & Kitchen,Delhi North,North,1.0,49000,38000,3
2025-03-14,ORD-10505,Robot Vacuum Cleaner,Home & Kitchen,Bengaluru East,South,4.0,29000,19000,121
2025-03-14,ORD-10506,Imported Coffee Beans 500g,Grocery,Mumbai West,West,1.0,1200,750,71
2025-03-15,ORD-10507,MacBook Air M3,Electronics,Mumbai West,West,3.0,115000,90000,58
2025-03-15,ORD-10508,Imported Coffee Beans 500g,Grocery,Kolkata South,East,2.0,1200,750,83
2025-03-15,ORD-10509,Nespresso Coffee Machine,Home & Kitchen,Kolkata South,East,1.0,18500,12500,127
2025-03-15,ORD-10510,Philips Air Fryer XL,Home & Kitchen,Bengaluru East,South,1.0,12500,8500,78
2025-03-15,ORD-10511,Ergonomic Office Chair,Furniture,Bengaluru East,South,3.0,18000,11000,104
2025-03-15,ORD-10512,Sony WH-1000XM5 Headphones,Electronics,Chennai Central,South,2.0,28000,20000,68
2025-03-15,ORD-10513,Nespresso Coffee Machine,Home & Kitchen,Kolkata South,East,4.0,18500,12500,57
2025-03-15,ORD-10514,Philips Air Fryer XL,Home & Kitchen,Mumbai West,West,2.0,12500,8500,30
2025-03-15,ORD-10515,Nespresso Coffee Machine,Home & Kitchen,Kolkata South,East,3.0,18500,12500,58
2025-03-15,ORD-10516,Minimalist Sofa 3-Seater,Furniture,Delhi North,North,3.0,60000,40000,146
2025-03-15,ORD-10517,Samsung Galaxy S24,Electronics,Bengaluru East,South,1.0,90000,72000,85
2025-03-15,ORD-10518,Levi's Denim Jacket,Apparel,Mumbai West,West,2.0,4500,2400,97
2025-03-15,ORD-10519,Zara Cotton Shirt,Apparel,Bengaluru East,South,2.0,2500,1200,83
2025-03-15,ORD-10520,Imported Coffee Beans 500g,Grocery,Bengaluru East,South,2.0,1200,750,118
2025-03-15,ORD-10521,Nespresso Coffee Machine,Home & Kitchen,Delhi North,North,4.0,18500,12500,139
2025-03-15,ORD-10522,Ergonomic Office Chair,Furniture,Chennai Central,South,4.0,18000,11000,106
2025-03-15,ORD-10523,Dell XPS 15,Electronics,Bengaluru East,South,2.0,140000,110000,124
2025-03-15,ORD-10524,Zara Cotton Shirt,Apparel,Delhi North,North,3.0,2500,1200,87
2025-03-15,ORD-10525,Solid Wood Dining Table,Furniture,Kolkata South,East,4.0,45000,30000,102
2025-03-15,ORD-10526,iPhone 15 Pro,Electronics,Chennai Central,South,4.0,120000,95000,19
2025-03-15,ORD-10527,Samsung Galaxy S24,Electronics,Bengaluru East,South,4.0,90000,72000,15
2025-03-15,ORD-10528,Premium Basmati Rice 5kg,Grocery,Mumbai West,West,3.0,850,580,85
2025-03-15,ORD-10529,iPad Air 5th Gen,Electronics,Delhi North,North,3.0,55000,42000,36
2025-03-15,ORD-10530,Solid Wood Dining Table,Furniture,Chennai Central,South,4.0,45000,30000,93
2025-03-15,ORD-10531,Zara Cotton Shirt,Apparel,Chennai Central,South,1.0,2500,1200,15
2025-03-15,ORD-10532,Zara Cotton Shirt,Apparel,Chennai Central,South,2.0,2500,1200,72
2025-03-15,ORD-10533,Robot Vacuum Cleaner,Home & Kitchen,Chennai Central,South,1.0,29000,19000,102
2025-03-15,ORD-10534,Sony WH-1000XM5 Headphones,Electronics,Mumbai West,West,4.0,28000,20000,33
2025-03-15,ORD-10535,Zara Cotton Shirt,Apparel,Chennai Central,South,1.0,2500,1200,41
2025-03-15,ORD-10536,Minimalist Sofa 3-Seater,Furniture,Delhi North,North,2.0,60000,40000,112
2025-03-15,ORD-10537,Levi's Denim Jacket,Apparel,Chennai Central,South,1.0,4500,2400,57
2025-03-15,ORD-10538,Artisanal Dark Chocolate Pack,Grocery,Mumbai West,West,7.0,650,380,128
2025-03-15,ORD-10539,Nike Air Max Sneakers,Apparel,Chennai Central,South,2.0,9500,5500,46
2025-03-15,ORD-10540,Robot Vacuum Cleaner,Home & Kitchen,Delhi North,North,4.0,29000,19000,95
2025-03-15,ORD-10541,Levi's Denim Jacket,Apparel,Delhi North,North,1.0,4500,2400,78
2025-03-16,ORD-10542,Nespresso Coffee Machine,Home & Kitchen,Chennai Central,South,3.0,18500,12500,67
2025-03-16,ORD-10543,Philips Air Fryer XL,Home & Kitchen,Bengaluru East,South,3.0,12500,8500,28
2025-03-16,ORD-10544,Zara Cotton Shirt,Apparel,Bengaluru East,South,1.0,2500,1200,76
2025-03-16,ORD-10545,Organic Extra Virgin Olive Oil 1L,Grocery,Kolkata South,East,6.0,1400,950,96
2025-03-16,ORD-10546,Zara Cotton Shirt,Apparel,Kolkata South,East,4.0,2500,1200,108
2025-03-16,ORD-10547,Philips Air Fryer XL,Home & Kitchen,Bengaluru East,South,1.0,12500,8500,19
2025-03-16,ORD-10548,Dyson Airwrap Styler,Home & Kitchen,Chennai Central,South,3.0,49000,38000,0
2025-03-16,ORD-10549,Artisanal Dark Chocolate Pack,Grocery,Kolkata South,East,7.0,650,380,117
2025-03-16,ORD-10550,iPad Air 5th Gen,Electronics,Kolkata South,East,2.0,55000,42000,86
2025-03-16,ORD-10551,MacBook Air M3,Electronics,Chennai Central,South,2.0,115000,90000,54
2025-03-16,ORD-10552,Nespresso Coffee Machine,Home & Kitchen,Bengaluru East,South,1.0,18500,12500,94
2025-03-17,ORD-10553,Nike Air Max Sneakers,Apparel,Mumbai West,West,1.0,9500,5500,126
2025-03-17,ORD-10554,Sony WH-1000XM5 Headphones,Electronics,Kolkata South,East,1.0,28000,20000,94
2025-03-17,ORD-10555,Nike Air Max Sneakers,Apparel,Chennai Central,South,2.0,9500,5500,17
2025-03-17,ORD-10556,Zara Cotton Shirt,Apparel,Delhi North,North,3.0,2500,1200,57
2025-03-17,ORD-10557,Solid Wood Dining Table,Furniture,Delhi North,North,1.0,45000,30000,22
2025-03-17,ORD-10558,Standing Desk Dual Motor,Furniture,Delhi North,North,1.0,32000,21000,82
2025-03-17,ORD-10559,Dyson Airwrap Styler,Home & Kitchen,Bengaluru East,South,4.0,49000,38000,145
2025-03-18,ORD-10560,Philips Air Fryer XL,Home & Kitchen,Delhi North,North,2.0,12500,8500,80
2025-03-18,ORD-10561,Dell XPS 15,Electronics,Chennai Central,South,2.0,140000,110000,145
2025-03-18,ORD-10562,iPhone 15 Pro,Electronics,Chennai Central,South,2.0,120000,95000,26
2025-03-18,ORD-10563,Artisanal Dark Chocolate Pack,Grocery,Bengaluru East,South,3.0,650,380,24
2025-03-18,ORD-10564,Robot Vacuum Cleaner,Home & Kitchen,Mumbai West,West,3.0,29000,19000,78
2025-03-18,ORD-10565,Artisanal Dark Chocolate Pack,Grocery,Delhi North,North,6.0,650,380,45
2025-03-18,ORD-10566,Dyson Airwrap Styler,Home & Kitchen,Mumbai West,West,2.0,49000,38000,147
2025-03-19,ORD-10567,Sony WH-1000XM5 Headphones,Electronics,Delhi North,North,3.0,28000,20000,98
2025-03-19,ORD-10568,Dell XPS 15,Electronics,Bengaluru East,South,1.0,140000,110000,109
2025-03-19,ORD-10569,Adidas Ultraboost,Apparel,Kolkata South,East,3.0,12000,7000,77
2025-03-19,ORD-10570,Artisanal Dark Chocolate Pack,Grocery,Kolkata South,East,4.0,650,380,77
2025-03-19,ORD-10571,Nike Air Max Sneakers,Apparel,Bengaluru East,South,1.0,9500,5500,74
2025-03-19,ORD-10572,Nespresso Coffee Machine,Home & Kitchen,Chennai Central,South,3.0,18500,12500,15
2025-03-19,ORD-10573,Artisanal Dark Chocolate Pack,Grocery,Chennai Central,South,4.0,650,380,122
2025-03-20,ORD-10574,Samsung Galaxy S24,Electronics,Delhi North,North,1.0,90000,72000,26
2025-03-20,ORD-10575,Puma Track Pants,Apparel,Bengaluru East,South,3.0,2200,1100,132
2025-03-20,ORD-10576,Dell XPS 15,Electronics,Chennai Central,South,2.0,140000,110000,115
2025-03-20,ORD-10577,Dell XPS 15,Electronics,Kolkata South,East,1.0,140000,110000,126
2025-03-20,ORD-10578,Levi's Denim Jacket,Apparel,Delhi North,North,3.0,4500,2400,95
2025-03-20,ORD-10579,Artisanal Dark Chocolate Pack,Grocery,Delhi North,North,5.0,650,380,74
2025-03-20,ORD-10580,Samsung Galaxy S24,Electronics,Mumbai West,West,1.0,90000,72000,54
2025-03-21,ORD-10581,Zara Cotton Shirt,Apparel,Bengaluru East,South,3.0,2500,1200,119
2025-03-21,ORD-10582,Dell XPS 15,Electronics,Delhi North,North,2.0,140000,110000,130
2025-03-21,ORD-10583,Standing Desk Dual Motor,Furniture,Delhi North,North,1.0,32000,21000,38
2025-03-21,ORD-10584,Adidas Ultraboost,Apparel,Kolkata South,East,1.0,12000,7000,70
2025-03-22,ORD-10585,Nike Air Max Sneakers,Apparel,Mumbai West,West,3.0,9500,5500,116
2025-03-22,ORD-10586,Dyson Airwrap Styler,Home & Kitchen,Delhi North,North,3.0,49000,38000,3
2025-03-22,ORD-10587,Premium Basmati Rice 5kg,Grocery,Chennai Central,South,2.0,850,580,50
2025-03-22,ORD-10588,iPhone 15 Pro,Electronics,Chennai Central,South,2.0,120000,95000,48
2025-03-22,ORD-10589,Zara Cotton Shirt,Apparel,Delhi North,North,1.0,2500,1200,81
2025-03-22,ORD-10590,iPhone 15 Pro,Electronics,Chennai Central,South,2.0,120000,95000,128
2025-03-22,ORD-10591,Nike Air Max Sneakers,Apparel,Delhi North,North,1.0,9500,5500,25
2025-03-22,ORD-10592,Organic Extra Virgin Olive Oil 1L,Grocery,Mumbai West,West,7.0,1400,950,142
2025-03-22,ORD-10593,Sony WH-1000XM5 Headphones,Electronics,Bengaluru East,South,2.0,28000,20000,105
2025-03-23,ORD-10594,Adidas Ultraboost,Apparel,Delhi North,North,4.0,12000,7000,53
2025-03-23,ORD-10595,Dell XPS 15,Electronics,Kolkata South,East,2.0,140000,110000,90
2025-03-23,ORD-10596,Imported Coffee Beans 500g,Grocery,Kolkata South,East,1.0,1200,750,37
2025-03-23,ORD-10597,Standing Desk Dual Motor,Furniture,Mumbai West,West,4.0,32000,21000,66
2025-03-23,ORD-10598,Philips Air Fryer XL,Home & Kitchen,Kolkata South,East,1.0,12500,8500,112
2025-03-23,ORD-10599,Standing Desk Dual Motor,Furniture,Kolkata South,East,4.0,32000,21000,103
2025-03-23,ORD-10600,Nespresso Coffee Machine,Home & Kitchen,Bengaluru East,South,3.0,18500,12500,61
2025-03-23,ORD-10601,MacBook Air M3,Electronics,Kolkata South,East,2.0,115000,90000,22
2025-03-24,ORD-10602,Sony WH-1000XM5 Headphones,Electronics,Kolkata South,East,3.0,28000,20000,74
2025-03-24,ORD-10603,Nike Air Max Sneakers,Apparel,Mumbai West,West,2.0,9500,5500,83
2025-03-24,ORD-10604,Dyson Airwrap Styler,Home & Kitchen,Mumbai West,West,4.0,49000,38000,105
2025-03-24,ORD-10605,Levi's Denim Jacket,Apparel,Mumbai West,West,3.0,4500,2400,106
2025-03-24,ORD-10606,Dyson Airwrap Styler,Home & Kitchen,Delhi North,North,2.0,49000,38000,63
2025-03-24,ORD-10607,Artisanal Dark Chocolate Pack,Grocery,Mumbai West,West,1.0,650,380,38
2025-03-25,ORD-10608,Puma Track Pants,Apparel,Mumbai West,West,1.0,2200,1100,149
2025-03-25,ORD-10609,Organic Extra Virgin Olive Oil 1L,Grocery,Delhi North,North,3.0,1400,950,102
2025-03-25,ORD-10610,Adidas Ultraboost,Apparel,Chennai Central,South,1.0,12000,7000,52
2025-03-25,ORD-10611,Philips Air Fryer XL,Home & Kitchen,Chennai Central,South,3.0,12500,8500,33
2025-03-26,ORD-10612,Organic Extra Virgin Olive Oil 1L,Grocery,Delhi North,North,6.0,1400,950,49
2025-03-26,ORD-10613,Zara Cotton Shirt,Apparel,Bengaluru East,South,3.0,2500,1200,59
2025-03-26,ORD-10614,Nespresso Coffee Machine,Home & Kitchen,Mumbai West,West,2.0,18500,12500,111
2025-03-26,ORD-10615,Minimalist Sofa 3-Seater,Furniture,Mumbai West,West,2.0,60000,40000,15
2025-03-26,ORD-10616,Robot Vacuum Cleaner,Home & Kitchen,Kolkata South,East,1.0,29000,19000,61
2025-03-26,ORD-10617,Nespresso Coffee Machine,Home & Kitchen,Kolkata South,East,2.0,18500,12500,41
2025-03-27,ORD-10618,Adidas Ultraboost,Apparel,Chennai Central,South,2.0,12000,7000,103
2025-03-27,ORD-10619,Solid Wood Dining Table,Furniture,Chennai Central,South,3.0,45000,30000,129
2025-03-27,ORD-10620,MacBook Air M3,Electronics,Mumbai West,West,2.0,115000,90000,32
2025-03-27,ORD-10621,Minimalist Sofa 3-Seater,Furniture,Chennai Central,South,1.0,60000,40000,27
2025-03-27,ORD-10622,Imported Coffee Beans 500g,Grocery,Bengaluru East,South,7.0,1200,750,141
2025-03-27,ORD-10623,Artisanal Dark Chocolate Pack,Grocery,Kolkata South,East,2.0,650,380,137
2025-03-27,ORD-10624,Philips Air Fryer XL,Home & Kitchen,Mumbai West,West,4.0,12500,8500,33
2025-03-28,ORD-10625,Ergonomic Office Chair,Furniture,Delhi North,North,3.0,18000,11000,41
2025-03-28,ORD-10626,MacBook Air M3,Electronics,Mumbai West,West,4.0,115000,90000,56
2025-03-28,ORD-10627,Dell XPS 15,Electronics,Chennai Central,South,3.0,140000,110000,138
2025-03-28,ORD-10628,Sony WH-1000XM5 Headphones,Electronics,Mumbai West,West,4.0,28000,20000,55
2025-03-29,ORD-10629,MacBook Air M3,Electronics,Mumbai West,West,2.0,115000,90000,119
2025-03-29,ORD-10630,Nespresso Coffee Machine,Home & Kitchen,Delhi North,North,3.0,18500,12500,75
2025-03-29,ORD-10631,iPhone 15 Pro,Electronics,Bengaluru East,South,4.0,120000,95000,54
2025-03-29,ORD-10632,MacBook Air M3,Electronics,Chennai Central,South,4.0,115000,90000,37
2025-03-29,ORD-10633,Standing Desk Dual Motor,Furniture,Mumbai West,West,1.0,32000,21000,21
2025-03-29,ORD-10634,Levi's Denim Jacket,Apparel,Delhi North,North,1.0,4500,2400,136
2025-03-29,ORD-10635,MacBook Air M3,Electronics,Bengaluru East,South,4.0,115000,90000,140
2025-03-30,ORD-10636,Ergonomic Office Chair,Furniture,Kolkata South,East,4.0,18000,11000,62
2025-03-30,ORD-10637,Standing Desk Dual Motor,Furniture,Delhi North,North,2.0,32000,21000,129
2025-03-30,ORD-10638,MacBook Air M3,Electronics,Bengaluru East,South,4.0,115000,90000,82
2025-03-30,ORD-10639,Adidas Ultraboost,Apparel,Kolkata South,East,1.0,12000,7000,53
2025-03-30,ORD-10640,iPhone 15 Pro,Electronics,Delhi North,North,4.0,120000,95000,73
2025-03-30,ORD-10641,Dyson Airwrap Styler,Home & Kitchen,Bengaluru East,South,4.0,49000,38000,136
2025-03-30,ORD-10642,Zara Cotton Shirt,Apparel,Delhi North,North,1.0,2500,1200,116
2025-03-30,ORD-10643,Dell XPS 15,Electronics,Kolkata South,East,2.0,140000,110000,45
2025-03-30,ORD-10644,Premium Basmati Rice 5kg,Grocery,Mumbai West,West,4.0,850,580,47
2025-03-30,ORD-10645,Sony WH-1000XM5 Headphones,Electronics,Chennai Central,South,4.0,28000,20000,66
2025-03-30,ORD-10646,Puma Track Pants,Apparel,Delhi North,North,3.0,2200,1100,32
2025-03-30,ORD-10647,Sony WH-1000XM5 Headphones,Electronics,Kolkata South,East,4.0,28000,20000,98
2025-03-31,ORD-10648,Robot Vacuum Cleaner,Home & Kitchen,Chennai Central,South,4.0,29000,19000,43
2025-03-31,ORD-10649,Premium Basmati Rice 5kg,Grocery,Mumbai West,West,2.0,850,580,40
2025-03-31,ORD-10650,Minimalist Sofa 3-Seater,Furniture,Bengaluru East,South,3.0,60000,40000,113
2025-03-31,ORD-10651,Imported Coffee Beans 500g,Grocery,Chennai Central,South,5.0,1200,750,118
2025-03-31,ORD-10652,Puma Track Pants,Apparel,Kolkata South,East,4.0,2200,1100,24
2025-03-31,ORD-10653,Artisanal Dark Chocolate Pack,Grocery,Mumbai West,West,8.0,650,380,83
2025-04-01,ORD-10654,MacBook Air M3,Electronics,Delhi North,North,3.0,115000,90000,86
2025-04-01,ORD-10655,Organic Extra Virgin Olive Oil 1L,Grocery,Mumbai West,West,5.0,1400,950,128
2025-04-01,ORD-10656,Minimalist Sofa 3-Seater,Furniture,Bengaluru East,South,1.0,60000,40000,63
2025-04-01,ORD-10657,Premium Basmati Rice 5kg,Grocery,Bengaluru East,South,6.0,850,580,29
2025-04-01,ORD-10658,Philips Air Fryer XL,Home & Kitchen,Chennai Central,South,3.0,12500,8500,144
2025-04-01,ORD-10659,Premium Basmati Rice 5kg,Grocery,Kolkata South,East,3.0,850,580,64
2025-04-02,ORD-10660,Samsung Galaxy S24,Electronics,Chennai Central,South,4.0,90000,72000,27
2025-04-02,ORD-10661,Solid Wood Dining Table,Furniture,Delhi North,North,3.0,45000,30000,133
2025-04-02,ORD-10662,Robot Vacuum Cleaner,Home & Kitchen,Chennai Central,South,1.0,29000,19000,76
2025-04-02,ORD-10663,Standing Desk Dual Motor,Furniture,Kolkata South,East,4.0,32000,21000,60
2025-04-02,ORD-10664,Artisanal Dark Chocolate Pack,Grocery,Delhi North,North,5.0,650,380,38
2025-04-03,ORD-10665,Sony WH-1000XM5 Headphones,Electronics,Chennai Central,South,2.0,28000,20000,69
2025-04-03,ORD-10666,Levi's Denim Jacket,Apparel,Mumbai West,West,3.0,4500,2400,119
2025-04-03,ORD-10667,Dyson Airwrap Styler,Home & Kitchen,Chennai Central,South,4.0,49000,38000,48
2025-04-03,ORD-10668,Dyson Airwrap Styler,Home & Kitchen,Mumbai West,West,3.0,49000,38000,93
2025-04-03,ORD-10669,Standing Desk Dual Motor,Furniture,Bengaluru East,South,3.0,32000,21000,132
2025-04-03,ORD-10670,Solid Wood Dining Table,Furniture,Bengaluru East,South,3.0,45000,30000,148
2025-04-04,ORD-10671,Organic Extra Virgin Olive Oil 1L,Grocery,Chennai Central,South,5.0,1400,950,91
2025-04-04,ORD-10672,Sony WH-1000XM5 Headphones,Electronics,Chennai Central,South,3.0,28000,20000,85
2025-04-04,ORD-10673,Minimalist Sofa 3-Seater,Furniture,Delhi North,North,3.0,60000,40000,63
2025-04-04,ORD-10674,Puma Track Pants,Apparel,Mumbai West,West,1.0,2200,1100,118
2025-04-04,ORD-10675,Solid Wood Dining Table,Furniture,Chennai Central,South,4.0,45000,30000,90
2025-04-04,ORD-10676,Standing Desk Dual Motor,Furniture,Bengaluru East,South,4.0,32000,21000,24
2025-04-04,ORD-10677,Philips Air Fryer XL,Home & Kitchen,Delhi North,North,2.0,12500,8500,136
2025-04-04,ORD-10678,Minimalist Sofa 3-Seater,Furniture,Mumbai West,West,2.0,60000,40000,90
2025-04-05,ORD-10679,Premium Basmati Rice 5kg,Grocery,Delhi North,North,6.0,850,580,37
2025-04-05,ORD-10680,Adidas Ultraboost,Apparel,Mumbai West,West,3.0,12000,7000,122
2025-04-05,ORD-10681,Minimalist Sofa 3-Seater,Furniture,Delhi North,North,3.0,60000,40000,133
2025-04-05,ORD-10682,Sony WH-1000XM5 Headphones,Electronics,Chennai Central,South,1.0,28000,20000,135
2025-04-05,ORD-10683,Puma Track Pants,Apparel,Chennai Central,South,4.0,2200,1100,150
2025-04-05,ORD-10684,Standing Desk Dual Motor,Furniture,Chennai Central,South,2.0,32000,21000,50
2025-04-05,ORD-10685,Adidas Ultraboost,Apparel,Bengaluru East,South,4.0,12000,7000,51
2025-04-06,ORD-10686,Nike Air Max Sneakers,Apparel,Bengaluru East,South,3.0,9500,5500,60
2025-04-06,ORD-10687,Ergonomic Office Chair,Furniture,Chennai Central,South,4.0,18000,11000,85
2025-04-06,ORD-10688,Levi's Denim Jacket,Apparel,Kolkata South,East,2.0,4500,2400,140
2025-04-06,ORD-10689,Samsung Galaxy S24,Electronics,Kolkata South,East,4.0,90000,72000,124
2025-04-06,ORD-10690,Imported Coffee Beans 500g,Grocery,Bengaluru East,South,1.0,1200,750,24
2025-04-06,ORD-10691,Philips Air Fryer XL,Home & Kitchen,Delhi North,North,1.0,12500,8500,97
2025-04-06,ORD-10692,Philips Air Fryer XL,Home & Kitchen,Chennai Central,South,1.0,12500,8500,78
2025-04-06,ORD-10693,Adidas Ultraboost,Apparel,Delhi North,North,2.0,12000,7000,41
2025-04-06,ORD-10694,Artisanal Dark Chocolate Pack,Grocery,Mumbai West,West,1.0,650,380,91
2025-04-07,ORD-10695,Artisanal Dark Chocolate Pack,Grocery,Bengaluru East,South,6.0,650,380,140
2025-04-07,ORD-10696,Solid Wood Dining Table,Furniture,Mumbai West,West,4.0,45000,30000,19
2025-04-07,ORD-10697,Levi's Denim Jacket,Apparel,Mumbai West,West,2.0,4500,2400,20
2025-04-07,ORD-10698,Philips Air Fryer XL,Home & Kitchen,Chennai Central,South,3.0,12500,8500,24
2025-04-07,ORD-10699,Artisanal Dark Chocolate Pack,Grocery,Kolkata South,East,1.0,650,380,42
2025-04-07,ORD-10700,iPhone 15 Pro,Electronics,Chennai Central,South,4.0,120000,95000,128
2025-04-08,ORD-10701,Dell XPS 15,Electronics,Delhi North,North,4.0,140000,110000,54
2025-04-08,ORD-10702,Nike Air Max Sneakers,Apparel,Delhi North,North,4.0,9500,5500,40
2025-04-08,ORD-10703,Nespresso Coffee Machine,Home & Kitchen,Kolkata South,East,2.0,18500,12500,122
2025-04-08,ORD-10704,Dell XPS 15,Electronics,Kolkata South,East,1.0,140000,110000,87
2025-04-08,ORD-10705,iPhone 15 Pro,Electronics,Bengaluru East,South,2.0,120000,95000,66
2025-04-08,ORD-10706,Solid Wood Dining Table,Furniture,Delhi North,North,4.0,45000,30000,90
2025-04-08,ORD-10707,Nike Air Max Sneakers,Apparel,Kolkata South,East,4.0,9500,5500,68
2025-04-09,ORD-10708,Solid Wood Dining Table,Furniture,Chennai Central,South,1.0,45000,30000,37
2025-04-09,ORD-10709,Dell XPS 15,Electronics,Bengaluru East,South,2.0,140000,110000,38
2025-04-09,ORD-10710,Dyson Airwrap Styler,Home & Kitchen,Chennai Central,South,3.0,49000,38000,74
2025-04-09,ORD-10711,Minimalist Sofa 3-Seater,Furniture,Bengaluru East,South,1.0,60000,40000,40
2025-04-09,ORD-10712,Nike Air Max Sneakers,Apparel,Delhi North,North,3.0,9500,5500,95
2025-04-09,ORD-10713,Organic Extra Virgin Olive Oil 1L,Grocery,Chennai Central,South,1.0,1400,950,50
2025-04-09,ORD-10714,Adidas Ultraboost,Apparel,Delhi North,North,4.0,12000,7000,83
2025-04-10,ORD-10715,Minimalist Sofa 3-Seater,Furniture,Mumbai West,West,1.0,60000,40000,117
2025-04-10,ORD-10716,Imported Coffee Beans 500g,Grocery,Delhi North,North,8.0,1200,750,122
2025-04-10,ORD-10717,Nike Air Max Sneakers,Apparel,Mumbai West,West,1.0,9500,5500,55
2025-04-10,ORD-10718,Sony WH-1000XM5 Headphones,Electronics,Kolkata South,East,4.0,28000,20000,127
2025-04-11,ORD-10719,Robot Vacuum Cleaner,Home & Kitchen,Delhi North,North,1.0,29000,19000,48
2025-04-11,ORD-10720,Imported Coffee Beans 500g,Grocery,Chennai Central,South,8.0,1200,750,26
2025-04-11,ORD-10721,MacBook Air M3,Electronics,Delhi North,North,1.0,115000,90000,149
2025-04-11,ORD-10722,Philips Air Fryer XL,Home & Kitchen,Delhi North,North,1.0,12500,8500,125
2025-04-11,ORD-10723,Zara Cotton Shirt,Apparel,Delhi North,North,4.0,2500,1200,53
2025-04-12,ORD-10724,Dyson Airwrap Styler,Home & Kitchen,Chennai Central,South,2.0,49000,38000,144
2025-04-12,ORD-10725,Premium Basmati Rice 5kg,Grocery,Chennai Central,South,6.0,850,580,76
2025-04-12,ORD-10726,Minimalist Sofa 3-Seater,Furniture,Chennai Central,South,2.0,60000,40000,111
2025-04-12,ORD-10727,Premium Basmati Rice 5kg,Grocery,Chennai Central,South,8.0,850,580,129
2025-04-12,ORD-10728,Sony WH-1000XM5 Headphones,Electronics,Bengaluru East,South,3.0,28000,20000,45
2025-04-12,ORD-10729,Organic Extra Virgin Olive Oil 1L,Grocery,Chennai Central,South,7.0,1400,950,24
2025-04-12,ORD-10730,Dyson Airwrap Styler,Home & Kitchen,Chennai Central,South,3.0,49000,38000,145
2025-04-12,ORD-10731,Artisanal Dark Chocolate Pack,Grocery,Delhi North,North,4.0,650,380,131
2025-04-12,ORD-10732,Standing Desk Dual Motor,Furniture,Delhi North,North,4.0,32000,21000,44
2025-04-12,ORD-10733,iPad Air 5th Gen,Electronics,Mumbai West,West,1.0,55000,42000,102
2025-04-12,ORD-10734,Minimalist Sofa 3-Seater,Furniture,Kolkata South,East,3.0,60000,40000,42
2025-04-13,ORD-10735,Zara Cotton Shirt,Apparel,Mumbai West,West,4.0,2500,1200,42
2025-04-13,ORD-10736,Solid Wood Dining Table,Furniture,Mumbai West,West,1.0,45000,30000,115
2025-04-13,ORD-10737,Zara Cotton Shirt,Apparel,Mumbai West,West,3.0,2500,1200,42
2025-04-13,ORD-10738,Organic Extra Virgin Olive Oil 1L,Grocery,Kolkata South,East,8.0,1400,950,132
2025-04-13,ORD-10739,Philips Air Fryer XL,Home & Kitchen,Bengaluru East,South,1.0,12500,8500,150
2025-04-13,ORD-10740,Dell XPS 15,Electronics,Bengaluru East,South,4.0,140000,110000,145
2025-04-13,ORD-10741,Puma Track Pants,Apparel,Mumbai West,West,2.0,2200,1100,41
2025-04-14,ORD-10742,Nespresso Coffee Machine,Home & Kitchen,Kolkata South,East,4.0,18500,12500,122
2025-04-14,ORD-10743,Philips Air Fryer XL,Home & Kitchen,Delhi North,North,4.0,12500,8500,102
2025-04-14,ORD-10744,Standing Desk Dual Motor,Furniture,Mumbai West,West,2.0,32000,21000,120
2025-04-14,ORD-10745,Nespresso Coffee Machine,Home & Kitchen,Kolkata South,East,3.0,18500,12500,70
2025-04-14,ORD-10746,Levi's Denim Jacket,Apparel,Kolkata South,East,3.0,4500,2400,103
2025-04-14,ORD-10747,Levi's Denim Jacket,Apparel,Kolkata South,East,3.0,4500,2400,44
2025-04-14,ORD-10748,Standing Desk Dual Motor,Furniture,Kolkata South,East,4.0,32000,21000,88
2025-04-15,ORD-10749,Dell XPS 15,Electronics,Chennai Central,South,1.0,140000,110000,112
2025-04-15,ORD-10750,Nike Air Max Sneakers,Apparel,Chennai Central,South,2.0,9500,5500,83
2025-04-15,ORD-10751,Adidas Ultraboost,Apparel,Delhi North,North,2.0,12000,7000,30
2025-04-15,ORD-10752,Solid Wood Dining Table,Furniture,Kolkata South,East,1.0,45000,30000,106
2025-04-15,ORD-10753,Organic Extra Virgin Olive Oil 1L,Grocery,Kolkata South,East,7.0,1400,950,75
2025-04-15,ORD-10754,Nespresso Coffee Machine,Home & Kitchen,Chennai Central,South,4.0,18500,12500,114
2025-04-15,ORD-10755,Artisanal Dark Chocolate Pack,Grocery,Kolkata South,East,1.0,650,380,79
2025-04-16,ORD-10756,Robot Vacuum Cleaner,Home & Kitchen,Mumbai West,West,3.0,29000,19000,65
2025-04-16,ORD-10757,Adidas Ultraboost,Apparel,Bengaluru East,South,2.0,12000,7000,34
2025-04-16,ORD-10758,Levi's Denim Jacket,Apparel,Kolkata South,East,1.0,4500,2400,111
2025-04-16,ORD-10759,Sony WH-1000XM5 Headphones,Electronics,Delhi North,North,3.0,28000,20000,48
2025-04-16,ORD-10760,Puma Track Pants,Apparel,Delhi North,North,1.0,2200,1100,99
2025-04-17,ORD-10761,Nike Air Max Sneakers,Apparel,Mumbai West,West,3.0,9500,5500,28
2025-04-17,ORD-10762,Nespresso Coffee Machine,Home & Kitchen,Bengaluru East,South,3.0,18500,12500,33
2025-04-17,ORD-10763,Solid Wood Dining Table,Furniture,Mumbai West,West,1.0,45000,30000,144
2025-04-17,ORD-10764,Zara Cotton Shirt,Apparel,Kolkata South,East,4.0,2500,1200,38
2025-04-17,ORD-10765,Solid Wood Dining Table,Furniture,Mumbai West,West,3.0,45000,30000,99
2025-04-17,ORD-10766,Minimalist Sofa 3-Seater,Furniture,Mumbai West,West,4.0,60000,40000,17
2025-04-17,ORD-10767,iPad Air 5th Gen,Electronics,Delhi North,North,4.0,55000,42000,76
2025-04-18,ORD-10768,Philips Air Fryer XL,Home & Kitchen,Chennai Central,South,3.0,12500,8500,112
2025-04-18,ORD-10769,Sony WH-1000XM5 Headphones,Electronics,Delhi North,North,3.0,28000,20000,21
2025-04-18,ORD-10770,Nespresso Coffee Machine,Home & Kitchen,Kolkata South,East,4.0,18500,12500,139
2025-04-18,ORD-10771,MacBook Air M3,Electronics,Mumbai West,West,3.0,115000,90000,146
2025-04-18,ORD-10772,iPhone 15 Pro,Electronics,Mumbai West,West,1.0,120000,95000,31
2025-04-18,ORD-10773,Levi's Denim Jacket,Apparel,Bengaluru East,South,1.0,4500,2400,67
2025-04-18,ORD-10774,Robot Vacuum Cleaner,Home & Kitchen,Chennai Central,South,2.0,29000,19000,21
2025-04-18,ORD-10775,Artisanal Dark Chocolate Pack,Grocery,Chennai Central,South,2.0,650,380,28
2025-04-19,ORD-10776,Ergonomic Office Chair,Furniture,Kolkata South,East,2.0,18000,11000,81
2025-04-19,ORD-10777,Imported Coffee Beans 500g,Grocery,Bengaluru East,South,7.0,1200,750,95
2025-04-19,ORD-10778,Sony WH-1000XM5 Headphones,Electronics,Chennai Central,South,1.0,28000,20000,31
2025-04-19,ORD-10779,Dyson Airwrap Styler,Home & Kitchen,Chennai Central,South,3.0,49000,38000,2
2025-04-19,ORD-10780,Dyson Airwrap Styler,Home & Kitchen,Delhi North,North,4.0,49000,38000,112
2025-04-19,ORD-10781,Sony WH-1000XM5 Headphones,Electronics,Mumbai West,West,2.0,28000,20000,49
2025-04-19,ORD-10782,Artisanal Dark Chocolate Pack,Grocery,Mumbai West,West,6.0,650,380,17
2025-04-19,ORD-10783,Philips Air Fryer XL,Home & Kitchen,Chennai Central,South,1.0,12500,8500,16
2025-04-20,ORD-10784,Robot Vacuum Cleaner,Home & Kitchen,Kolkata South,East,1.0,29000,19000,93
2025-04-20,ORD-10785,Adidas Ultraboost,Apparel,Mumbai West,West,4.0,12000,7000,146
2025-04-20,ORD-10786,Levi's Denim Jacket,Apparel,Mumbai West,West,2.0,4500,2400,79
2025-04-20,ORD-10787,Nike Air Max Sneakers,Apparel,Mumbai West,West,1.0,9500,5500,133
2025-04-20,ORD-10788,Dyson Airwrap Styler,Home & Kitchen,Delhi North,North,1.0,49000,38000,3
2025-04-20,ORD-10789,Minimalist Sofa 3-Seater,Furniture,Mumbai West,West,2.0,60000,40000,40
2025-04-20,ORD-10790,Ergonomic Office Chair,Furniture,Mumbai West,West,3.0,18000,11000,139
2025-04-20,ORD-10791,Artisanal Dark Chocolate Pack,Grocery,Kolkata South,East,3.0,650,380,108
2025-04-20,ORD-10792,Standing Desk Dual Motor,Furniture,Mumbai West,West,1.0,32000,21000,95
2025-04-20,ORD-10793,Levi's Denim Jacket,Apparel,Bengaluru East,South,3.0,4500,2400,107
2025-04-20,ORD-10794,Adidas Ultraboost,Apparel,Bengaluru East,South,4.0,12000,7000,129
2025-04-21,ORD-10795,Standing Desk Dual Motor,Furniture,Kolkata South,East,1.0,32000,21000,59
2025-04-21,ORD-10796,Dyson Airwrap Styler,Home & Kitchen,Delhi North,North,2.0,49000,38000,65
2025-04-21,ORD-10797,iPad Air 5th Gen,Electronics,Chennai Central,South,1.0,55000,42000,144
2025-04-21,ORD-10798,Dell XPS 15,Electronics,Kolkata South,East,4.0,140000,110000,69
2025-04-21,ORD-10799,Dell XPS 15,Electronics,Delhi North,North,4.0,140000,110000,53
2025-04-21,ORD-10800,Standing Desk Dual Motor,Furniture,Mumbai West,West,3.0,32000,21000,49
2025-04-22,ORD-10801,Dyson Airwrap Styler,Home & Kitchen,Bengaluru East,South,3.0,49000,38000,1
2025-04-22,ORD-10802,Philips Air Fryer XL,Home & Kitchen,Kolkata South,East,2.0,12500,8500,129
2025-04-22,ORD-10803,Levi's Denim Jacket,Apparel,Kolkata South,East,2.0,4500,2400,138
2025-04-22,ORD-10804,Ergonomic Office Chair,Furniture,Mumbai West,West,4.0,18000,11000,74
2025-04-22,ORD-10805,MacBook Air M3,Electronics,Delhi North,North,2.0,115000,90000,25
2025-04-22,ORD-10806,Puma Track Pants,Apparel,Delhi North,North,4.0,2200,1100,135
2025-04-22,ORD-10807,Organic Extra Virgin Olive Oil 1L,Grocery,Chennai Central,South,2.0,1400,950,148
2025-04-23,ORD-10808,Solid Wood Dining Table,Furniture,Bengaluru East,South,4.0,45000,30000,108
2025-04-23,ORD-10809,Dyson Airwrap Styler,Home & Kitchen,Kolkata South,East,3.0,49000,38000,111
2025-04-23,ORD-10810,Puma Track Pants,Apparel,Bengaluru East,South,3.0,2200,1100,103
2025-04-23,ORD-10811,Imported Coffee Beans 500g,Grocery,Kolkata South,East,3.0,1200,750,127
2025-04-23,ORD-10812,Levi's Denim Jacket,Apparel,Chennai Central,South,3.0,4500,2400,69
2025-04-23,ORD-10813,Levi's Denim Jacket,Apparel,Mumbai West,West,3.0,4500,2400,45
2025-04-24,ORD-10814,Artisanal Dark Chocolate Pack,Grocery,Chennai Central,South,8.0,650,380,137
2025-04-24,ORD-10815,Puma Track Pants,Apparel,Mumbai West,West,4.0,2200,1100,20
2025-04-24,ORD-10816,Nike Air Max Sneakers,Apparel,Mumbai West,West,2.0,9500,5500,49
2025-04-24,ORD-10817,Dyson Airwrap Styler,Home & Kitchen,Kolkata South,East,2.0,49000,38000,1
2025-04-24,ORD-10818,Robot Vacuum Cleaner,Home & Kitchen,Kolkata South,East,1.0,29000,19000,87
2025-04-25,ORD-10819,Zara Cotton Shirt,Apparel,Kolkata South,East,4.0,2500,1200,138
2025-04-25,ORD-10820,Levi's Denim Jacket,Apparel,Bengaluru East,South,2.0,4500,2400,61
2025-04-25,ORD-10821,Nespresso Coffee Machine,Home & Kitchen,Mumbai West,West,3.0,18500,12500,131
2025-04-25,ORD-10822,Dyson Airwrap Styler,Home & Kitchen,Mumbai West,West,4.0,49000,38000,0
2025-04-26,ORD-10823,Robot Vacuum Cleaner,Home & Kitchen,Mumbai West,West,1.0,29000,19000,60
2025-04-26,ORD-10824,Organic Extra Virgin Olive Oil 1L,Grocery,Kolkata South,East,2.0,1400,950,138
2025-04-26,ORD-10825,Puma Track Pants,Apparel,Kolkata South,East,1.0,2200,1100,125
2025-04-26,ORD-10826,Robot Vacuum Cleaner,Home & Kitchen,Delhi North,North,1.0,29000,19000,150
2025-04-26,ORD-10827,Premium Basmati Rice 5kg,Grocery,Bengaluru East,South,6.0,850,580,40
2025-04-26,ORD-10828,Premium Basmati Rice 5kg,Grocery,Delhi North,North,4.0,850,580,36
2025-04-26,ORD-10829,Standing Desk Dual Motor,Furniture,Delhi North,North,2.0,32000,21000,16
2025-04-26,ORD-10830,Dell XPS 15,Electronics,Kolkata South,East,1.0,140000,110000,148
2025-04-27,ORD-10831,Premium Basmati Rice 5kg,Grocery,Delhi North,North,6.0,850,580,42
2025-04-27,ORD-10832,Zara Cotton Shirt,Apparel,Kolkata South,East,3.0,2500,1200,81
2025-04-27,ORD-10833,Robot Vacuum Cleaner,Home & Kitchen,Kolkata South,East,3.0,29000,19000,85
2025-04-27,ORD-10834,Premium Basmati Rice 5kg,Grocery,Bengaluru East,South,3.0,850,580,109
2025-04-27,ORD-10835,Robot Vacuum Cleaner,Home & Kitchen,Delhi North,North,3.0,29000,19000,103
2025-04-27,ORD-10836,Premium Basmati Rice 5kg,Grocery,Chennai Central,South,8.0,850,580,56
2025-04-27,ORD-10837,Samsung Galaxy S24,Electronics,Kolkata South,East,4.0,90000,72000,101
2025-04-28,ORD-10838,Dyson Airwrap Styler,Home & Kitchen,Mumbai West,West,4.0,49000,38000,16
2025-04-28,ORD-10839,Zara Cotton Shirt,Apparel,Kolkata South,East,4.0,2500,1200,37
2025-04-28,ORD-10840,MacBook Air M3,Electronics,Mumbai West,West,3.0,115000,90000,35
2025-04-28,ORD-10841,Dyson Airwrap Styler,Home & Kitchen,Bengaluru East,South,4.0,49000,38000,148
2025-04-28,ORD-10842,Dyson Airwrap Styler,Home & Kitchen,Mumbai West,West,4.0,49000,38000,2
2025-04-28,ORD-10843,Nike Air Max Sneakers,Apparel,Kolkata South,East,2.0,9500,5500,58
2025-04-28,ORD-10844,MacBook Air M3,Electronics,Mumbai West,West,1.0,115000,90000,55
2025-04-28,ORD-10845,MacBook Air M3,Electronics,Bengaluru East,South,3.0,115000,90000,116
2025-04-29,ORD-10846,Philips Air Fryer XL,Home & Kitchen,Kolkata South,East,1.0,12500,8500,32
2025-04-29,ORD-10847,Dell XPS 15,Electronics,Delhi North,North,3.0,140000,110000,103
2025-04-29,ORD-10848,Solid Wood Dining Table,Furniture,Kolkata South,East,2.0,45000,30000,131
2025-04-29,ORD-10849,Organic Extra Virgin Olive Oil 1L,Grocery,Delhi North,North,7.0,1400,950,144
2025-04-29,ORD-10850,Dell XPS 15,Electronics,Chennai Central,South,3.0,140000,110000,102
2025-04-29,ORD-10851,Dell XPS 15,Electronics,Delhi North,North,3.0,140000,110000,128
2025-04-29,ORD-10852,Imported Coffee Beans 500g,Grocery,Mumbai West,West,8.0,1200,750,132
2025-04-30,ORD-10853,Sony WH-1000XM5 Headphones,Electronics,Chennai Central,South,3.0,28000,20000,32
2025-04-30,ORD-10854,Premium Basmati Rice 5kg,Grocery,Mumbai West,West,7.0,850,580,105
2025-04-30,ORD-10855,Dyson Airwrap Styler,Home & Kitchen,Delhi North,North,2.0,49000,38000,2
2025-04-30,ORD-10856,Dell XPS 15,Electronics,Mumbai West,West,4.0,140000,110000,95
2025-04-30,ORD-10857,Solid Wood Dining Table,Furniture,Kolkata South,East,3.0,45000,30000,61
2025-04-30,ORD-10858,Zara Cotton Shirt,Apparel,Mumbai West,West,2.0,2500,1200,76
2025-04-30,ORD-10859,Solid Wood Dining Table,Furniture,Mumbai West,West,2.0,45000,30000,78
2025-04-30,ORD-10860,Nespresso Coffee Machine,Home & Kitchen,Mumbai West,West,1.0,18500,12500,45
2025-05-01,ORD-10861,Organic Extra Virgin Olive Oil 1L,Grocery,Kolkata South,East,8.0,1400,950,110
2025-05-01,ORD-10862,Nespresso Coffee Machine,Home & Kitchen,Bengaluru East,South,3.0,18500,12500,140
2025-05-01,ORD-10863,Puma Track Pants,Apparel,Delhi North,North,4.0,2200,1100,71
2025-05-01,ORD-10864,Philips Air Fryer XL,Home & Kitchen,Chennai Central,South,4.0,12500,8500,137
2025-05-02,ORD-10865,Dell XPS 15,Electronics,Delhi North,North,4.0,140000,110000,59
2025-05-02,ORD-10866,Organic Extra Virgin Olive Oil 1L,Grocery,Kolkata South,East,6.0,1400,950,17
2025-05-02,ORD-10867,iPad Air 5th Gen,Electronics,Mumbai West,West,4.0,55000,42000,40
2025-05-02,ORD-10868,Minimalist Sofa 3-Seater,Furniture,Kolkata South,East,3.0,60000,40000,62
2025-05-02,ORD-10869,Nespresso Coffee Machine,Home & Kitchen,Mumbai West,West,3.0,18500,12500,135
2025-05-02,ORD-10870,Nespresso Coffee Machine,Home & Kitchen,Delhi North,North,2.0,18500,12500,142
2025-05-02,ORD-10871,Premium Basmati Rice 5kg,Grocery,Bengaluru East,South,6.0,850,580,117
2025-05-02,ORD-10872,Standing Desk Dual Motor,Furniture,Mumbai West,West,2.0,32000,21000,73
2025-05-03,ORD-10873,Solid Wood Dining Table,Furniture,Kolkata South,East,4.0,45000,30000,112
2025-05-03,ORD-10874,Levi's Denim Jacket,Apparel,Mumbai West,West,4.0,4500,2400,17
2025-05-03,ORD-10875,Zara Cotton Shirt,Apparel,Bengaluru East,South,2.0,2500,1200,147
2025-05-03,ORD-10876,Nespresso Coffee Machine,Home & Kitchen,Bengaluru East,South,3.0,18500,12500,79
2025-05-03,ORD-10877,Dyson Airwrap Styler,Home & Kitchen,Bengaluru East,South,1.0,49000,38000,2
2025-05-03,ORD-10878,Organic Extra Virgin Olive Oil 1L,Grocery,Bengaluru East,South,5.0,1400,950,107
2025-05-03,ORD-10879,Minimalist Sofa 3-Seater,Furniture,Delhi North,North,1.0,60000,40000,120
2025-05-04,ORD-10880,Solid Wood Dining Table,Furniture,Kolkata South,East,2.0,45000,30000,87
2025-05-04,ORD-10881,Minimalist Sofa 3-Seater,Furniture,Kolkata South,East,4.0,60000,40000,129
2025-05-04,ORD-10882,Sony WH-1000XM5 Headphones,Electronics,Kolkata South,East,3.0,28000,20000,133
2025-05-04,ORD-10883,Levi's Denim Jacket,Apparel,Delhi North,North,4.0,4500,2400,118
2025-05-04,ORD-10884,iPhone 15 Pro,Electronics,Mumbai West,West,3.0,120000,95000,73
2025-05-04,ORD-10885,Minimalist Sofa 3-Seater,Furniture,Delhi North,North,3.0,60000,40000,116
2025-05-04,ORD-10886,Standing Desk Dual Motor,Furniture,Delhi North,North,4.0,32000,21000,120
2025-05-05,ORD-10887,Nike Air Max Sneakers,Apparel,Mumbai West,West,2.0,9500,5500,79
2025-05-05,ORD-10888,Samsung Galaxy S24,Electronics,Mumbai West,West,4.0,90000,72000,41
2025-05-05,ORD-10889,iPhone 15 Pro,Electronics,Bengaluru East,South,1.0,120000,95000,21
2025-05-05,ORD-10890,Organic Extra Virgin Olive Oil 1L,Grocery,Chennai Central,South,3.0,1400,950,36
2025-05-05,ORD-10891,Artisanal Dark Chocolate Pack,Grocery,Mumbai West,West,5.0,650,380,128
2025-05-06,ORD-10892,Puma Track Pants,Apparel,Mumbai West,West,1.0,2200,1100,23
2025-05-06,ORD-10893,Minimalist Sofa 3-Seater,Furniture,Bengaluru East,South,4.0,60000,40000,84
2025-05-06,ORD-10894,Robot Vacuum Cleaner,Home & Kitchen,Mumbai West,West,2.0,29000,19000,131
2025-05-06,ORD-10895,Robot Vacuum Cleaner,Home & Kitchen,Kolkata South,East,3.0,29000,19000,103
2025-05-06,ORD-10896,Premium Basmati Rice 5kg,Grocery,Chennai Central,South,5.0,850,580,108
2025-05-07,ORD-10897,Solid Wood Dining Table,Furniture,Delhi North,North,1.0,45000,30000,15
2025-05-07,ORD-10898,Philips Air Fryer XL,Home & Kitchen,Delhi North,North,3.0,12500,8500,135
2025-05-07,ORD-10899,Dyson Airwrap Styler,Home & Kitchen,Bengaluru East,South,4.0,49000,38000,3
2025-05-07,ORD-10900,Solid Wood Dining Table,Furniture,Chennai Central,South,3.0,45000,30000,63
2025-05-07,ORD-10901,Imported Coffee Beans 500g,Grocery,Bengaluru East,South,3.0,1200,750,114
2025-05-07,ORD-10902,Premium Basmati Rice 5kg,Grocery,Delhi North,North,7.0,850,580,76
2025-05-07,ORD-10903,Nespresso Coffee Machine,Home & Kitchen,Delhi North,North,3.0,18500,12500,120
2025-05-08,ORD-10904,Samsung Galaxy S24,Electronics,Mumbai West,West,3.0,90000,72000,43
2025-05-08,ORD-10905,Imported Coffee Beans 500g,Grocery,Delhi North,North,4.0,1200,750,97
2025-05-08,ORD-10906,Samsung Galaxy S24,Electronics,Chennai Central,South,1.0,90000,72000,62
2025-05-08,ORD-10907,MacBook Air M3,Electronics,Delhi North,North,2.0,115000,90000,127
2025-05-08,ORD-10908,Samsung Galaxy S24,Electronics,Chennai Central,South,2.0,90000,72000,18
2025-05-09,ORD-10909,Adidas Ultraboost,Apparel,Bengaluru East,South,3.0,12000,7000,142
2025-05-09,ORD-10910,Standing Desk Dual Motor,Furniture,Chennai Central,South,3.0,32000,21000,35
2025-05-09,ORD-10911,Nike Air Max Sneakers,Apparel,Delhi North,North,4.0,9500,5500,33
2025-05-09,ORD-10912,Robot Vacuum Cleaner,Home & Kitchen,Mumbai West,West,2.0,29000,19000,79
2025-05-09,ORD-10913,Organic Extra Virgin Olive Oil 1L,Grocery,Chennai Central,South,7.0,1400,950,128
2025-05-09,ORD-10914,Nike Air Max Sneakers,Apparel,Mumbai West,West,4.0,9500,5500,39
2025-05-09,ORD-10915,Philips Air Fryer XL,Home & Kitchen,Bengaluru East,South,4.0,12500,8500,94
2025-05-10,ORD-10916,Nike Air Max Sneakers,Apparel,Kolkata South,East,1.0,9500,5500,79
2025-05-10,ORD-10917,Artisanal Dark Chocolate Pack,Grocery,Mumbai West,West,1.0,650,380,70
2025-05-10,ORD-10918,Samsung Galaxy S24,Electronics,Bengaluru East,South,3.0,90000,72000,18
2025-05-10,ORD-10919,Adidas Ultraboost,Apparel,Kolkata South,East,1.0,12000,7000,116
2025-05-10,ORD-10920,Nike Air Max Sneakers,Apparel,Chennai Central,South,4.0,9500,5500,54
2025-05-10,ORD-10921,Ergonomic Office Chair,Furniture,Mumbai West,West,2.0,18000,11000,142
2025-05-10,ORD-10922,iPad Air 5th Gen,Electronics,Kolkata South,East,3.0,55000,42000,30
2025-05-10,ORD-10923,MacBook Air M3,Electronics,Mumbai West,West,1.0,115000,90000,47
2025-05-10,ORD-10924,Premium Basmati Rice 5kg,Grocery,Delhi North,North,8.0,850,580,64
2025-05-11,ORD-10925,Artisanal Dark Chocolate Pack,Grocery,Mumbai West,West,1.0,650,380,139
2025-05-11,ORD-10926,Artisanal Dark Chocolate Pack,Grocery,Kolkata South,East,4.0,650,380,62
2025-05-11,ORD-10927,Nespresso Coffee Machine,Home & Kitchen,Delhi North,North,4.0,18500,12500,85
2025-05-11,ORD-10928,Philips Air Fryer XL,Home & Kitchen,Chennai Central,South,2.0,12500,8500,130
2025-05-11,ORD-10929,Minimalist Sofa 3-Seater,Furniture,Kolkata South,East,3.0,60000,40000,131
2025-05-11,ORD-10930,iPad Air 5th Gen,Electronics,Kolkata South,East,4.0,55000,42000,62
2025-05-11,ORD-10931,Dell XPS 15,Electronics,Delhi North,North,2.0,140000,110000,97
2025-05-12,ORD-10932,Robot Vacuum Cleaner,Home & Kitchen,Mumbai West,West,4.0,29000,19000,54
2025-05-12,ORD-10933,Nespresso Coffee Machine,Home & Kitchen,Delhi North,North,4.0,18500,12500,97
2025-05-12,ORD-10934,iPhone 15 Pro,Electronics,Kolkata South,East,1.0,120000,95000,26
2025-05-12,ORD-10935,Levi's Denim Jacket,Apparel,Chennai Central,South,2.0,4500,2400,42
2025-05-13,ORD-10936,Nike Air Max Sneakers,Apparel,Chennai Central,South,4.0,9500,5500,140
2025-05-13,ORD-10937,Nespresso Coffee Machine,Home & Kitchen,Chennai Central,South,3.0,18500,12500,71
2025-05-13,ORD-10938,Dyson Airwrap Styler,Home & Kitchen,Chennai Central,South,2.0,49000,38000,140
2025-05-13,ORD-10939,Sony WH-1000XM5 Headphones,Electronics,Chennai Central,South,3.0,28000,20000,121
2025-05-13,ORD-10940,Ergonomic Office Chair,Furniture,Kolkata South,East,3.0,18000,11000,150
2025-05-13,ORD-10941,iPad Air 5th Gen,Electronics,Chennai Central,South,3.0,55000,42000,34
2025-05-13,ORD-10942,Puma Track Pants,Apparel,Chennai Central,South,1.0,2200,1100,74
2025-05-14,ORD-10943,Premium Basmati Rice 5kg,Grocery,Mumbai West,West,3.0,850,580,121
2025-05-14,ORD-10944,iPad Air 5th Gen,Electronics,Kolkata South,East,3.0,55000,42000,132
2025-05-14,ORD-10945,Organic Extra Virgin Olive Oil 1L,Grocery,Mumbai West,West,7.0,1400,950,144
2025-05-14,ORD-10946,Solid Wood Dining Table,Furniture,Kolkata South,East,4.0,45000,30000,105
2025-05-14,ORD-10947,Minimalist Sofa 3-Seater,Furniture,Delhi North,North,4.0,60000,40000,125
2025-05-14,ORD-10948,Solid Wood Dining Table,Furniture,Kolkata South,East,2.0,45000,30000,111
2025-05-14,ORD-10949,Nespresso Coffee Machine,Home & Kitchen,Delhi North,North,4.0,18500,12500,129
2025-05-14,ORD-10950,Organic Extra Virgin Olive Oil 1L,Grocery,Chennai Central,South,1.0,1400,950,147
2025-05-15,ORD-10951,Ergonomic Office Chair,Furniture,Delhi North,North,2.0,18000,11000,69
2025-05-15,ORD-10952,Ergonomic Office Chair,Furniture,Delhi North,North,2.0,18000,11000,39
2025-05-15,ORD-10953,Sony WH-1000XM5 Headphones,Electronics,Delhi North,North,2.0,28000,20000,50
2025-05-15,ORD-10954,Minimalist Sofa 3-Seater,Furniture,Kolkata South,East,2.0,60000,40000,74
2025-05-15,ORD-10955,Minimalist Sofa 3-Seater,Furniture,Chennai Central,South,4.0,60000,40000,70
2025-05-16,ORD-10956,Standing Desk Dual Motor,Furniture,Mumbai West,West,4.0,32000,21000,39
2025-05-16,ORD-10957,Nespresso Coffee Machine,Home & Kitchen,Chennai Central,South,4.0,18500,12500,35
2025-05-16,ORD-10958,MacBook Air M3,Electronics,Delhi North,North,4.0,115000,90000,121
2025-05-16,ORD-10959,Samsung Galaxy S24,Electronics,Kolkata South,East,1.0,90000,72000,112
2025-05-17,ORD-10960,Ergonomic Office Chair,Furniture,Delhi North,North,2.0,18000,11000,98
2025-05-17,ORD-10961,Philips Air Fryer XL,Home & Kitchen,Mumbai West,West,1.0,12500,8500,115
2025-05-17,ORD-10962,Organic Extra Virgin Olive Oil 1L,Grocery,Mumbai West,West,5.0,1400,950,115
2025-05-17,ORD-10963,Levi's Denim Jacket,Apparel,Delhi North,North,1.0,4500,2400,136
2025-05-17,ORD-10964,Dyson Airwrap Styler,Home & Kitchen,Kolkata South,East,4.0,49000,38000,3
2025-05-17,ORD-10965,Levi's Denim Jacket,Apparel,Bengaluru East,South,2.0,4500,2400,139
2025-05-17,ORD-10966,Premium Basmati Rice 5kg,Grocery,Kolkata South,East,4.0,850,580,33
2025-05-18,ORD-10967,Artisanal Dark Chocolate Pack,Grocery,Kolkata South,East,2.0,650,380,120
2025-05-18,ORD-10968,Artisanal Dark Chocolate Pack,Grocery,Delhi North,North,6.0,650,380,103
2025-05-18,ORD-10969,Dyson Airwrap Styler,Home & Kitchen,Delhi North,North,2.0,49000,38000,104
2025-05-18,ORD-10970,Premium Basmati Rice 5kg,Grocery,Bengaluru East,South,4.0,850,580,66
2025-05-18,ORD-10971,Solid Wood Dining Table,Furniture,Chennai Central,South,1.0,45000,30000,28
2025-05-18,ORD-10972,Puma Track Pants,Apparel,Mumbai West,West,3.0,2200,1100,18
2025-05-18,ORD-10973,Ergonomic Office Chair,Furniture,Delhi North,North,4.0,18000,11000,135
2025-05-18,ORD-10974,MacBook Air M3,Electronics,Mumbai West,West,2.0,115000,90000,67
2025-05-18,ORD-10975,Nespresso Coffee Machine,Home & Kitchen,Kolkata South,East,4.0,18500,12500,51
2025-05-19,ORD-10976,Organic Extra Virgin Olive Oil 1L,Grocery,Delhi North,North,1.0,1400,950,87
2025-05-19,ORD-10977,Puma Track Pants,Apparel,Delhi North,North,1.0,2200,1100,134
2025-05-19,ORD-10978,iPhone 15 Pro,Electronics,Bengaluru East,South,3.0,120000,95000,107
2025-05-19,ORD-10979,iPhone 15 Pro,Electronics,Delhi North,North,4.0,120000,95000,74
2025-05-20,ORD-10980,Dyson Airwrap Styler,Home & Kitchen,Delhi North,North,4.0,49000,38000,3
2025-05-20,ORD-10981,Dyson Airwrap Styler,Home & Kitchen,Chennai Central,South,2.0,49000,38000,150
2025-05-20,ORD-10982,Imported Coffee Beans 500g,Grocery,Mumbai West,West,6.0,1200,750,105
2025-05-20,ORD-10983,Minimalist Sofa 3-Seater,Furniture,Mumbai West,West,3.0,60000,40000,30
2025-05-20,ORD-10984,Standing Desk Dual Motor,Furniture,Chennai Central,South,3.0,32000,21000,72
2025-05-20,ORD-10985,Adidas Ultraboost,Apparel,Bengaluru East,South,2.0,12000,7000,37
2025-05-20,ORD-10986,Premium Basmati Rice 5kg,Grocery,Bengaluru East,South,3.0,850,580,124
2025-05-21,ORD-10987,Nespresso Coffee Machine,Home & Kitchen,Bengaluru East,South,2.0,18500,12500,67
2025-05-21,ORD-10988,Puma Track Pants,Apparel,Kolkata South,East,2.0,2200,1100,50
2025-05-21,ORD-10989,Solid Wood Dining Table,Furniture,Bengaluru East,South,2.0,45000,30000,55
2025-05-21,ORD-10990,Ergonomic Office Chair,Furniture,Kolkata South,East,1.0,18000,11000,62
2025-05-21,ORD-10991,Solid Wood Dining Table,Furniture,Chennai Central,South,3.0,45000,30000,120
2025-05-21,ORD-10992,Artisanal Dark Chocolate Pack,Grocery,Bengaluru East,South,3.0,650,380,63
2025-05-22,ORD-10993,Levi's Denim Jacket,Apparel,Chennai Central,South,3.0,4500,2400,74
2025-05-22,ORD-10994,Philips Air Fryer XL,Home & Kitchen,Mumbai West,West,1.0,12500,8500,106
2025-05-22,ORD-10995,iPad Air 5th Gen,Electronics,Bengaluru East,South,2.0,55000,42000,143
2025-05-22,ORD-10996,Robot Vacuum Cleaner,Home & Kitchen,Delhi North,North,2.0,29000,19000,114
2025-05-23,ORD-10997,Premium Basmati Rice 5kg,Grocery,Mumbai West,West,4.0,850,580,23
2025-05-23,ORD-10998,Organic Extra Virgin Olive Oil 1L,Grocery,Delhi North,North,4.0,1400,950,66
2025-05-23,ORD-10999,Nike Air Max Sneakers,Apparel,Mumbai West,West,4.0,9500,5500,140
2025-05-23,ORD-11000,Standing Desk Dual Motor,Furniture,Mumbai West,West,4.0,32000,21000,118
2025-05-23,ORD-11001,Dell XPS 15,Electronics,Bengaluru East,South,3.0,140000,110000,115
2025-05-23,ORD-11002,Dyson Airwrap Styler,Home & Kitchen,Kolkata South,East,1.0,49000,38000,130
2025-05-23,ORD-11003,Samsung Galaxy S24,Electronics,Kolkata South,East,4.0,90000,72000,25
2025-05-24,ORD-11004,Organic Extra Virgin Olive Oil 1L,Grocery,Mumbai West,West,8.0,1400,950,116
2025-05-24,ORD-11005,Minimalist Sofa 3-Seater,Furniture,Bengaluru East,South,2.0,60000,40000,123
2025-05-24,ORD-11006,Ergonomic Office Chair,Furniture,Kolkata South,East,2.0,18000,11000,133
2025-05-24,ORD-11007,Organic Extra Virgin Olive Oil 1L,Grocery,Kolkata South,East,3.0,1400,950,49
2025-05-24,ORD-11008,Imported Coffee Beans 500g,Grocery,Delhi North,North,1.0,1200,750,60
2025-05-24,ORD-11009,Premium Basmati Rice 5kg,Grocery,Bengaluru East,South,5.0,850,580,97
2025-05-24,ORD-11010,Nike Air Max Sneakers,Apparel,Chennai Central,South,1.0,9500,5500,130
2025-05-24,ORD-11011,Ergonomic Office Chair,Furniture,Kolkata South,East,4.0,18000,11000,145
2025-05-24,ORD-11012,Philips Air Fryer XL,Home & Kitchen,Bengaluru East,South,4.0,12500,8500,26
2025-05-24,ORD-11013,Adidas Ultraboost,Apparel,Kolkata South,East,2.0,12000,7000,56
2025-05-24,ORD-11014,Levi's Denim Jacket,Apparel,Chennai Central,South,4.0,4500,2400,93
2025-05-25,ORD-11015,Artisanal Dark Chocolate Pack,Grocery,Mumbai West,West,3.0,650,380,66
2025-05-25,ORD-11016,Dell XPS 15,Electronics,Delhi North,North,1.0,140000,110000,132
2025-05-25,ORD-11017,Imported Coffee Beans 500g,Grocery,Kolkata South,East,8.0,1200,750,75
2025-05-25,ORD-11018,Puma Track Pants,Apparel,Bengaluru East,South,4.0,2200,1100,119
2025-05-25,ORD-11019,Organic Extra Virgin Olive Oil 1L,Grocery,Kolkata South,East,4.0,1400,950,86
2025-05-25,ORD-11020,Philips Air Fryer XL,Home & Kitchen,Chennai Central,South,2.0,12500,8500,52
2025-05-25,ORD-11021,iPad Air 5th Gen,Electronics,Delhi North,North,1.0,55000,42000,52
2025-05-25,ORD-11022,iPad Air 5th Gen,Electronics,Kolkata South,East,3.0,55000,42000,99
2025-05-25,ORD-11023,iPhone 15 Pro,Electronics,Chennai Central,South,4.0,120000,95000,60
2025-05-26,ORD-11024,Solid Wood Dining Table,Furniture,Bengaluru East,South,3.0,45000,30000,24
2025-05-26,ORD-11025,MacBook Air M3,Electronics,Delhi North,North,3.0,115000,90000,112
2025-05-26,ORD-11026,Sony WH-1000XM5 Headphones,Electronics,Kolkata South,East,1.0,28000,20000,89
2025-05-26,ORD-11027,Premium Basmati Rice 5kg,Grocery,Chennai Central,South,6.0,850,580,149
2025-05-26,ORD-11028,Premium Basmati Rice 5kg,Grocery,Mumbai West,West,2.0,850,580,150
2025-05-27,ORD-11029,Artisanal Dark Chocolate Pack,Grocery,Bengaluru East,South,5.0,650,380,149
2025-05-27,ORD-11030,Nespresso Coffee Machine,Home & Kitchen,Mumbai West,West,4.0,18500,12500,148
2025-05-27,ORD-11031,Imported Coffee Beans 500g,Grocery,Mumbai West,West,5.0,1200,750,64
2025-05-27,ORD-11032,iPhone 15 Pro,Electronics,Chennai Central,South,4.0,120000,95000,45
2025-05-28,ORD-11033,Robot Vacuum Cleaner,Home & Kitchen,Bengaluru East,South,1.0,29000,19000,100
2025-05-28,ORD-11034,Solid Wood Dining Table,Furniture,Chennai Central,South,2.0,45000,30000,87
2025-05-28,ORD-11035,Ergonomic Office Chair,Furniture,Delhi North,North,3.0,18000,11000,144
2025-05-28,ORD-11036,Nespresso Coffee Machine,Home & Kitchen,Chennai Central,South,1.0,18500,12500,100
2025-05-28,ORD-11037,Standing Desk Dual Motor,Furniture,Kolkata South,East,1.0,32000,21000,59
2025-05-29,ORD-11038,Minimalist Sofa 3-Seater,Furniture,Bengaluru East,South,4.0,60000,40000,24
2025-05-29,ORD-11039,Zara Cotton Shirt,Apparel,Mumbai West,West,4.0,2500,1200,100
2025-05-29,ORD-11040,Imported Coffee Beans 500g,Grocery,Chennai Central,South,6.0,1200,750,19
2025-05-29,ORD-11041,Puma Track Pants,Apparel,Delhi North,North,3.0,2200,1100,31
2025-05-29,ORD-11042,Adidas Ultraboost,Apparel,Chennai Central,South,3.0,12000,7000,111
2025-05-30,ORD-11043,Puma Track Pants,Apparel,Kolkata South,East,4.0,2200,1100,62
2025-05-30,ORD-11044,Dyson Airwrap Styler,Home & Kitchen,Delhi North,North,3.0,49000,38000,23
2025-05-30,ORD-11045,Sony WH-1000XM5 Headphones,Electronics,Mumbai West,West,3.0,28000,20000,130
2025-05-30,ORD-11046,Solid Wood Dining Table,Furniture,Kolkata South,East,3.0,45000,30000,59
2025-05-30,ORD-11047,MacBook Air M3,Electronics,Chennai Central,South,2.0,115000,90000,38
2025-05-30,ORD-11048,Organic Extra Virgin Olive Oil 1L,Grocery,Bengaluru East,South,4.0,1400,950,102
2025-05-30,ORD-11049,Artisanal Dark Chocolate Pack,Grocery,Delhi North,North,2.0,650,380,147
2025-05-30,ORD-11050,Levi's Denim Jacket,Apparel,Chennai Central,South,4.0,4500,2400,114
2025-05-31,ORD-11051,Dyson Airwrap Styler,Home & Kitchen,Chennai Central,South,3.0,49000,38000,26
2025-05-31,ORD-11052,Dyson Airwrap Styler,Home & Kitchen,Delhi North,North,4.0,49000,38000,2
2025-05-31,ORD-11053,Dell XPS 15,Electronics,Delhi North,North,2.0,140000,110000,97
2025-05-31,ORD-11054,Levi's Denim Jacket,Apparel,Delhi North,North,3.0,4500,2400,96
2025-05-31,ORD-11055,Organic Extra Virgin Olive Oil 1L,Grocery,Delhi North,North,3.0,1400,950,85
2025-05-31,ORD-11056,iPhone 15 Pro,Electronics,Kolkata South,East,1.0,120000,95000,67
2025-05-31,ORD-11057,Nespresso Coffee Machine,Home & Kitchen,Kolkata South,East,3.0,18500,12500,84
2025-05-31,ORD-11058,Adidas Ultraboost,Apparel,Kolkata South,East,2.0,12000,7000,58
2025-05-31,ORD-11059,MacBook Air M3,Electronics,Kolkata South,East,3.0,115000,90000,128
2025-05-31,ORD-11060,Samsung Galaxy S24,Electronics,Chennai Central,South,4.0,90000,72000,27
2025-05-31,ORD-11061,Sony WH-1000XM5 Headphones,Electronics,Chennai Central,South,1.0,28000,20000,124
2025-05-31,ORD-11062,Premium Basmati Rice 5kg,Grocery,Kolkata South,East,6.0,850,580,94
2025-06-01,ORD-11063,Puma Track Pants,Apparel,Chennai Central,South,4.0,2200,1100,48
2025-06-01,ORD-11064,iPad Air 5th Gen,Electronics,Bengaluru East,South,1.0,55000,42000,131
2025-06-01,ORD-11065,Standing Desk Dual Motor,Furniture,Bengaluru East,South,2.0,32000,21000,72
2025-06-01,ORD-11066,Puma Track Pants,Apparel,Delhi North,North,3.0,2200,1100,115
2025-06-01,ORD-11067,Adidas Ultraboost,Apparel,Delhi North,North,4.0,12000,7000,139
2025-06-01,ORD-11068,iPhone 15 Pro,Electronics,Bengaluru East,South,1.0,120000,95000,104
2025-06-01,ORD-11069,Imported Coffee Beans 500g,Grocery,Mumbai West,West,6.0,1200,750,47
2025-06-01,ORD-11070,Dyson Airwrap Styler,Home & Kitchen,Bengaluru East,South,1.0,49000,38000,98
2025-06-01,ORD-11071,MacBook Air M3,Electronics,Kolkata South,East,4.0,115000,90000,117
2025-06-02,ORD-11072,Premium Basmati Rice 5kg,Grocery,Kolkata South,East,3.0,850,580,138
2025-06-02,ORD-11073,Organic Extra Virgin Olive Oil 1L,Grocery,Delhi North,North,7.0,1400,950,126
2025-06-02,ORD-11074,Nespresso Coffee Machine,Home & Kitchen,Kolkata South,East,2.0,18500,12500,59
2025-06-02,ORD-11075,iPad Air 5th Gen,Electronics,Kolkata South,East,4.0,55000,42000,44
2025-06-02,ORD-11076,Robot Vacuum Cleaner,Home & Kitchen,Delhi North,North,1.0,29000,19000,128
2025-06-02,ORD-11077,Adidas Ultraboost,Apparel,Bengaluru East,South,1.0,12000,7000,42
2025-06-02,ORD-11078,Robot Vacuum Cleaner,Home & Kitchen,Delhi North,North,4.0,29000,19000,30
2025-06-02,ORD-11079,Samsung Galaxy S24,Electronics,Mumbai West,West,1.0,90000,72000,52
2025-06-03,ORD-11080,Artisanal Dark Chocolate Pack,Grocery,Bengaluru East,South,4.0,650,380,67
2025-06-03,ORD-11081,Minimalist Sofa 3-Seater,Furniture,Kolkata South,East,3.0,60000,40000,126
2025-06-03,ORD-11082,Ergonomic Office Chair,Furniture,Kolkata South,East,1.0,18000,11000,145
2025-06-03,ORD-11083,Premium Basmati Rice 5kg,Grocery,Delhi North,North,6.0,850,580,28
2025-06-03,ORD-11084,iPad Air 5th Gen,Electronics,Kolkata South,East,3.0,55000,42000,43
2025-06-04,ORD-11085,Samsung Galaxy S24,Electronics,Bengaluru East,South,4.0,90000,72000,96
2025-06-04,ORD-11086,Imported Coffee Beans 500g,Grocery,Bengaluru East,South,4.0,1200,750,59
2025-06-04,ORD-11087,Premium Basmati Rice 5kg,Grocery,Mumbai West,West,6.0,850,580,121
2025-06-04,ORD-11088,Adidas Ultraboost,Apparel,Mumbai West,West,2.0,12000,7000,17
2025-06-04,ORD-11089,iPad Air 5th Gen,Electronics,Chennai Central,South,2.0,55000,42000,139
2025-06-04,ORD-11090,Premium Basmati Rice 5kg,Grocery,Chennai Central,South,7.0,850,580,131
2025-06-05,ORD-11091,Premium Basmati Rice 5kg,Grocery,Bengaluru East,South,8.0,850,580,113
2025-06-05,ORD-11092,Solid Wood Dining Table,Furniture,Mumbai West,West,4.0,45000,30000,16
2025-06-05,ORD-11093,Robot Vacuum Cleaner,Home & Kitchen,Mumbai West,West,3.0,29000,19000,120
2025-06-05,ORD-11094,Nespresso Coffee Machine,Home & Kitchen,Chennai Central,South,1.0,18500,12500,138
2025-06-05,ORD-11095,Ergonomic Office Chair,Furniture,Kolkata South,East,4.0,18000,11000,35
2025-06-05,ORD-11096,Puma Track Pants,Apparel,Delhi North,North,4.0,2200,1100,147
2025-06-05,ORD-11097,Dell XPS 15,Electronics,Kolkata South,East,1.0,140000,110000,77
2025-06-05,ORD-11098,Organic Extra Virgin Olive Oil 1L,Grocery,Kolkata South,East,1.0,1400,950,102
2025-06-06,ORD-11099,Sony WH-1000XM5 Headphones,Electronics,Bengaluru East,South,4.0,28000,20000,99
2025-06-06,ORD-11100,Artisanal Dark Chocolate Pack,Grocery,Delhi North,North,3.0,650,380,24
2025-06-06,ORD-11101,Nespresso Coffee Machine,Home & Kitchen,Kolkata South,East,3.0,18500,12500,30
2025-06-06,ORD-11102,Premium Basmati Rice 5kg,Grocery,Kolkata South,East,5.0,850,580,21
2025-06-06,ORD-11103,Standing Desk Dual Motor,Furniture,Chennai Central,South,2.0,32000,21000,144
2025-06-06,ORD-11104,MacBook Air M3,Electronics,Delhi North,North,2.0,115000,90000,86
2025-06-06,ORD-11105,Minimalist Sofa 3-Seater,Furniture,Chennai Central,South,1.0,60000,40000,59
2025-06-06,ORD-11106,Philips Air Fryer XL,Home & Kitchen,Bengaluru East,South,3.0,12500,8500,59
2025-06-07,ORD-11107,Zara Cotton Shirt,Apparel,Mumbai West,West,1.0,2500,1200,102
2025-06-07,ORD-11108,Samsung Galaxy S24,Electronics,Kolkata South,East,2.0,90000,72000,141
2025-06-07,ORD-11109,Imported Coffee Beans 500g,Grocery,Mumbai West,West,3.0,1200,750,68
2025-06-07,ORD-11110,Nespresso Coffee Machine,Home & Kitchen,Chennai Central,South,3.0,18500,12500,44
2025-06-07,ORD-11111,Samsung Galaxy S24,Electronics,Bengaluru East,South,4.0,90000,72000,136
2025-06-07,ORD-11112,Standing Desk Dual Motor,Furniture,Kolkata South,East,2.0,32000,21000,112
2025-06-07,ORD-11113,Imported Coffee Beans 500g,Grocery,Delhi North,North,7.0,1200,750,18
2025-06-07,ORD-11114,Standing Desk Dual Motor,Furniture,Bengaluru East,South,3.0,32000,21000,150
2025-06-07,ORD-11115,iPhone 15 Pro,Electronics,Kolkata South,East,3.0,120000,95000,125
2025-06-08,ORD-11116,Minimalist Sofa 3-Seater,Furniture,Delhi North,North,3.0,60000,40000,40
2025-06-08,ORD-11117,Standing Desk Dual Motor,Furniture,Bengaluru East,South,2.0,32000,21000,64
2025-06-08,ORD-11118,Nespresso Coffee Machine,Home & Kitchen,Mumbai West,West,3.0,18500,12500,17
2025-06-08,ORD-11119,iPhone 15 Pro,Electronics,Chennai Central,South,4.0,120000,95000,40
2025-06-08,ORD-11120,Dyson Airwrap Styler,Home & Kitchen,Bengaluru East,South,3.0,49000,38000,71
2025-06-08,ORD-11121,Solid Wood Dining Table,Furniture,Chennai Central,South,1.0,45000,30000,38
2025-06-08,ORD-11122,Dell XPS 15,Electronics,Mumbai West,West,1.0,140000,110000,45
2025-06-08,ORD-11123,Dell XPS 15,Electronics,Mumbai West,West,4.0,140000,110000,62
2025-06-08,ORD-11124,iPad Air 5th Gen,Electronics,Mumbai West,West,3.0,55000,42000,90
2025-06-08,ORD-11125,Organic Extra Virgin Olive Oil 1L,Grocery,Bengaluru East,South,7.0,1400,950,97
2025-06-08,ORD-11126,Solid Wood Dining Table,Furniture,Chennai Central,South,3.0,45000,30000,30
2025-06-09,ORD-11127,Artisanal Dark Chocolate Pack,Grocery,Chennai Central,South,5.0,650,380,60
2025-06-09,ORD-11128,Organic Extra Virgin Olive Oil 1L,Grocery,Bengaluru East,South,7.0,1400,950,60
2025-06-09,ORD-11129,Organic Extra Virgin Olive Oil 1L,Grocery,Mumbai West,West,4.0,1400,950,42
2025-06-09,ORD-11130,Artisanal Dark Chocolate Pack,Grocery,Chennai Central,South,2.0,650,380,33
2025-06-09,ORD-11131,Nespresso Coffee Machine,Home & Kitchen,Bengaluru East,South,1.0,18500,12500,142
2025-06-09,ORD-11132,Nike Air Max Sneakers,Apparel,Chennai Central,South,4.0,9500,5500,83
2025-06-09,ORD-11133,Adidas Ultraboost,Apparel,Bengaluru East,South,1.0,12000,7000,146
2025-06-10,ORD-11134,Imported Coffee Beans 500g,Grocery,Bengaluru East,South,4.0,1200,750,15
2025-06-10,ORD-11135,Imported Coffee Beans 500g,Grocery,Chennai Central,South,6.0,1200,750,92
2025-06-10,ORD-11136,Organic Extra Virgin Olive Oil 1L,Grocery,Chennai Central,South,6.0,1400,950,35
2025-06-10,ORD-11137,Artisanal Dark Chocolate Pack,Grocery,Mumbai West,West,1.0,650,380,113
2025-06-10,ORD-11138,Adidas Ultraboost,Apparel,Bengaluru East,South,1.0,12000,7000,106
2025-06-10,ORD-11139,Organic Extra Virgin Olive Oil 1L,Grocery,Bengaluru East,South,3.0,1400,950,24
2025-06-10,ORD-11140,Nike Air Max Sneakers,Apparel,Kolkata South,East,2.0,9500,5500,140
2025-06-11,ORD-11141,Dell XPS 15,Electronics,Delhi North,North,4.0,140000,110000,130
2025-06-11,ORD-11142,iPhone 15 Pro,Electronics,Delhi North,North,1.0,120000,95000,101
2025-06-11,ORD-11143,Sony WH-1000XM5 Headphones,Electronics,Chennai Central,South,2.0,28000,20000,148
2025-06-11,ORD-11144,Premium Basmati Rice 5kg,Grocery,Kolkata South,East,2.0,850,580,24
2025-06-11,ORD-11145,Zara Cotton Shirt,Apparel,Chennai Central,South,4.0,2500,1200,26
2025-06-11,ORD-11146,Levi's Denim Jacket,Apparel,Chennai Central,South,2.0,4500,2400,27
2025-06-11,ORD-11147,Ergonomic Office Chair,Furniture,Bengaluru East,South,2.0,18000,11000,31
2025-06-12,ORD-11148,Sony WH-1000XM5 Headphones,Electronics,Kolkata South,East,2.0,28000,20000,31
2025-06-12,ORD-11149,Zara Cotton Shirt,Apparel,Delhi North,North,4.0,2500,1200,98
2025-06-12,ORD-11150,iPad Air 5th Gen,Electronics,Kolkata South,East,2.0,55000,42000,97
2025-06-12,ORD-11151,Nike Air Max Sneakers,Apparel,Kolkata South,East,2.0,9500,5500,100
2025-06-13,ORD-11152,MacBook Air M3,Electronics,Mumbai West,West,4.0,115000,90000,58
2025-06-13,ORD-11153,Solid Wood Dining Table,Furniture,Bengaluru East,South,2.0,45000,30000,25
2025-06-13,ORD-11154,Nike Air Max Sneakers,Apparel,Kolkata South,East,4.0,9500,5500,55
2025-06-13,ORD-11155,Sony WH-1000XM5 Headphones,Electronics,Chennai Central,South,1.0,28000,20000,16
2025-06-14,ORD-11156,iPad Air 5th Gen,Electronics,Kolkata South,East,3.0,55000,42000,121
2025-06-14,ORD-11157,Premium Basmati Rice 5kg,Grocery,Mumbai West,West,5.0,850,580,148
2025-06-14,ORD-11158,Imported Coffee Beans 500g,Grocery,Mumbai West,West,1.0,1200,750,61
2025-06-14,ORD-11159,Organic Extra Virgin Olive Oil 1L,Grocery,Delhi North,North,7.0,1400,950,16
2025-06-14,ORD-11160,Philips Air Fryer XL,Home & Kitchen,Mumbai West,West,1.0,12500,8500,150
2025-06-14,ORD-11161,Dell XPS 15,Electronics,Delhi North,North,2.0,140000,110000,133
2025-06-14,ORD-11162,Adidas Ultraboost,Apparel,Chennai Central,South,2.0,12000,7000,43
2025-06-14,ORD-11163,Zara Cotton Shirt,Apparel,Bengaluru East,South,2.0,2500,1200,55
2025-06-15,ORD-11164,iPhone 15 Pro,Electronics,Delhi North,North,3.0,120000,95000,68
2025-06-15,ORD-11165,Artisanal Dark Chocolate Pack,Grocery,Delhi North,North,1.0,650,380,41
2025-06-15,ORD-11166,Dell XPS 15,Electronics,Mumbai West,West,2.0,140000,110000,22
2025-06-15,ORD-11167,Organic Extra Virgin Olive Oil 1L,Grocery,Chennai Central,South,8.0,1400,950,98
2025-06-15,ORD-11168,Premium Basmati Rice 5kg,Grocery,Delhi North,North,2.0,850,580,98
2025-06-15,ORD-11169,Nike Air Max Sneakers,Apparel,Mumbai West,West,4.0,9500,5500,66
2025-06-15,ORD-11170,Premium Basmati Rice 5kg,Grocery,Chennai Central,South,8.0,850,580,28
2025-06-15,ORD-11171,Premium Basmati Rice 5kg,Grocery,Mumbai West,West,3.0,850,580,114
2025-06-15,ORD-11172,Solid Wood Dining Table,Furniture,Bengaluru East,South,2.0,45000,30000,106
2025-06-15,ORD-11173,Solid Wood Dining Table,Furniture,Delhi North,North,2.0,45000,30000,23
2025-06-15,ORD-11174,Dyson Airwrap Styler,Home & Kitchen,Delhi North,North,2.0,49000,38000,43
2025-06-15,ORD-11175,Imported Coffee Beans 500g,Grocery,Mumbai West,West,4.0,1200,750,90
2025-06-16,ORD-11176,Puma Track Pants,Apparel,Mumbai West,West,2.0,2200,1100,37
2025-06-16,ORD-11177,Imported Coffee Beans 500g,Grocery,Mumbai West,West,8.0,1200,750,86
2025-06-16,ORD-11178,iPad Air 5th Gen,Electronics,Bengaluru East,South,2.0,55000,42000,78
2025-06-16,ORD-11179,Standing Desk Dual Motor,Furniture,Kolkata South,East,2.0,32000,21000,53
2025-06-16,ORD-11180,Dyson Airwrap Styler,Home & Kitchen,Bengaluru East,South,1.0,49000,38000,25
2025-06-16,ORD-11181,Dyson Airwrap Styler,Home & Kitchen,Bengaluru East,South,4.0,49000,38000,137
2025-06-16,ORD-11182,Sony WH-1000XM5 Headphones,Electronics,Bengaluru East,South,2.0,28000,20000,36
2025-06-16,ORD-11183,Dyson Airwrap Styler,Home & Kitchen,Bengaluru East,South,2.0,49000,38000,48
2025-06-17,ORD-11184,iPhone 15 Pro,Electronics,Bengaluru East,South,3.0,120000,95000,56
2025-06-17,ORD-11185,Organic Extra Virgin Olive Oil 1L,Grocery,Bengaluru East,South,3.0,1400,950,118
2025-06-17,ORD-11186,Adidas Ultraboost,Apparel,Bengaluru East,South,1.0,12000,7000,33
2025-06-17,ORD-11187,Artisanal Dark Chocolate Pack,Grocery,Kolkata South,East,5.0,650,380,124
2025-06-17,ORD-11188,Solid Wood Dining Table,Furniture,Chennai Central,South,3.0,45000,30000,29
2025-06-18,ORD-11189,Ergonomic Office Chair,Furniture,Chennai Central,South,4.0,18000,11000,108
2025-06-18,ORD-11190,Organic Extra Virgin Olive Oil 1L,Grocery,Delhi North,North,3.0,1400,950,32
2025-06-18,ORD-11191,Philips Air Fryer XL,Home & Kitchen,Mumbai West,West,3.0,12500,8500,76
2025-06-18,ORD-11192,Dyson Airwrap Styler,Home & Kitchen,Bengaluru East,South,2.0,49000,38000,72
2025-06-18,ORD-11193,Standing Desk Dual Motor,Furniture,Delhi North,North,1.0,32000,21000,31
2025-06-18,ORD-11194,Minimalist Sofa 3-Seater,Furniture,Bengaluru East,South,4.0,60000,40000,143
2025-06-18,ORD-11195,Dyson Airwrap Styler,Home & Kitchen,Bengaluru East,South,3.0,49000,38000,130
2025-06-18,ORD-11196,Samsung Galaxy S24,Electronics,Bengaluru East,South,1.0,90000,72000,35
2025-06-19,ORD-11197,Adidas Ultraboost,Apparel,Chennai Central,South,1.0,12000,7000,57
2025-06-19,ORD-11198,Ergonomic Office Chair,Furniture,Mumbai West,West,4.0,18000,11000,53
2025-06-19,ORD-11199,Puma Track Pants,Apparel,Chennai Central,South,3.0,2200,1100,121
2025-06-19,ORD-11200,Philips Air Fryer XL,Home & Kitchen,Bengaluru East,South,3.0,12500,8500,122
2025-06-19,ORD-11201,Organic Extra Virgin Olive Oil 1L,Grocery,Delhi North,North,2.0,1400,950,20
2025-06-19,ORD-11202,Puma Track Pants,Apparel,Delhi North,North,4.0,2200,1100,102
2025-06-19,ORD-11203,Standing Desk Dual Motor,Furniture,Kolkata South,East,4.0,32000,21000,132
2025-06-20,ORD-11204,Philips Air Fryer XL,Home & Kitchen,Delhi North,North,2.0,12500,8500,81
2025-06-20,ORD-11205,Zara Cotton Shirt,Apparel,Delhi North,North,3.0,2500,1200,27
2025-06-20,ORD-11206,Adidas Ultraboost,Apparel,Delhi North,North,4.0,12000,7000,57
2025-06-20,ORD-11207,Philips Air Fryer XL,Home & Kitchen,Kolkata South,East,3.0,12500,8500,61
2025-06-20,ORD-11208,Levi's Denim Jacket,Apparel,Mumbai West,West,2.0,4500,2400,44
2025-06-20,ORD-11209,MacBook Air M3,Electronics,Kolkata South,East,2.0,115000,90000,127
2025-06-21,ORD-11210,Solid Wood Dining Table,Furniture,Mumbai West,West,1.0,45000,30000,96
2025-06-21,ORD-11211,Solid Wood Dining Table,Furniture,Delhi North,North,4.0,45000,30000,56
2025-06-21,ORD-11212,Nespresso Coffee Machine,Home & Kitchen,Chennai Central,South,1.0,18500,12500,118
2025-06-21,ORD-11213,Premium Basmati Rice 5kg,Grocery,Bengaluru East,South,3.0,850,580,16
2025-06-21,ORD-11214,Nespresso Coffee Machine,Home & Kitchen,Delhi North,North,4.0,18500,12500,89
2025-06-21,ORD-11215,Philips Air Fryer XL,Home & Kitchen,Kolkata South,East,4.0,12500,8500,101
2025-06-21,ORD-11216,iPad Air 5th Gen,Electronics,Bengaluru East,South,1.0,55000,42000,50
2025-06-21,ORD-11217,Dyson Airwrap Styler,Home & Kitchen,Delhi North,North,1.0,49000,38000,117
2025-06-21,ORD-11218,Zara Cotton Shirt,Apparel,Delhi North,North,1.0,2500,1200,98
2025-06-22,ORD-11219,Philips Air Fryer XL,Home & Kitchen,Kolkata South,East,2.0,12500,8500,86
2025-06-22,ORD-11220,Nike Air Max Sneakers,Apparel,Chennai Central,South,4.0,9500,5500,37
2025-06-22,ORD-11221,Robot Vacuum Cleaner,Home & Kitchen,Mumbai West,West,4.0,29000,19000,96
2025-06-22,ORD-11222,Dyson Airwrap Styler,Home & Kitchen,Delhi North,North,4.0,49000,38000,52
2025-06-22,ORD-11223,Artisanal Dark Chocolate Pack,Grocery,Bengaluru East,South,1.0,650,380,87
2025-06-22,ORD-11224,Minimalist Sofa 3-Seater,Furniture,Delhi North,North,4.0,60000,40000,37
2025-06-22,ORD-11225,Zara Cotton Shirt,Apparel,Bengaluru East,South,4.0,2500,1200,88
2025-06-23,ORD-11226,Imported Coffee Beans 500g,Grocery,Mumbai West,West,3.0,1200,750,68
2025-06-23,ORD-11227,Standing Desk Dual Motor,Furniture,Kolkata South,East,3.0,32000,21000,31
2025-06-23,ORD-11228,Robot Vacuum Cleaner,Home & Kitchen,Chennai Central,South,1.0,29000,19000,119
2025-06-23,ORD-11229,Standing Desk Dual Motor,Furniture,Mumbai West,West,4.0,32000,21000,50
2025-06-23,ORD-11230,Levi's Denim Jacket,Apparel,Bengaluru East,South,3.0,4500,2400,140
2025-06-24,ORD-11231,Minimalist Sofa 3-Seater,Furniture,Bengaluru East,South,4.0,60000,40000,72
2025-06-24,ORD-11232,iPhone 15 Pro,Electronics,Mumbai West,West,3.0,120000,95000,91
2025-06-24,ORD-11233,Organic Extra Virgin Olive Oil 1L,Grocery,Delhi North,North,3.0,1400,950,140
2025-06-24,ORD-11234,Nike Air Max Sneakers,Apparel,Chennai Central,South,3.0,9500,5500,141
2025-06-25,ORD-11235,Nespresso Coffee Machine,Home & Kitchen,Kolkata South,East,4.0,18500,12500,126
2025-06-25,ORD-11236,Standing Desk Dual Motor,Furniture,Chennai Central,South,3.0,32000,21000,146
2025-06-25,ORD-11237,Dyson Airwrap Styler,Home & Kitchen,Delhi North,North,2.0,49000,38000,3
2025-06-25,ORD-11238,Adidas Ultraboost,Apparel,Mumbai West,West,1.0,12000,7000,84
2025-06-26,ORD-11239,Artisanal Dark Chocolate Pack,Grocery,Chennai Central,South,5.0,650,380,150
2025-06-26,ORD-11240,Dell XPS 15,Electronics,Mumbai West,West,2.0,140000,110000,39
2025-06-26,ORD-11241,Philips Air Fryer XL,Home & Kitchen,Kolkata South,East,3.0,12500,8500,95
2025-06-26,ORD-11242,Minimalist Sofa 3-Seater,Furniture,Delhi North,North,1.0,60000,40000,105
2025-06-26,ORD-11243,Nike Air Max Sneakers,Apparel,Mumbai West,West,3.0,9500,5500,110
2025-06-26,ORD-11244,Imported Coffee Beans 500g,Grocery,Delhi North,North,2.0,1200,750,70
2025-06-27,ORD-11245,Philips Air Fryer XL,Home & Kitchen,Mumbai West,West,1.0,12500,8500,121
2025-06-27,ORD-11246,Organic Extra Virgin Olive Oil 1L,Grocery,Chennai Central,South,1.0,1400,950,137
2025-06-27,ORD-11247,Minimalist Sofa 3-Seater,Furniture,Delhi North,North,2.0,60000,40000,128
2025-06-27,ORD-11248,Nespresso Coffee Machine,Home & Kitchen,Mumbai West,West,3.0,18500,12500,22
2025-06-27,ORD-11249,Samsung Galaxy S24,Electronics,Mumbai West,West,2.0,90000,72000,73
2025-06-28,ORD-11250,Levi's Denim Jacket,Apparel,Mumbai West,West,1.0,4500,2400,123
2025-06-28,ORD-11251,iPhone 15 Pro,Electronics,Chennai Central,South,4.0,120000,95000,125
2025-06-28,ORD-11252,Samsung Galaxy S24,Electronics,Chennai Central,South,1.0,90000,72000,146
2025-06-28,ORD-11253,Dyson Airwrap Styler,Home & Kitchen,Bengaluru East,South,1.0,49000,38000,2
2025-06-28,ORD-11254,iPhone 15 Pro,Electronics,Chennai Central,South,2.0,120000,95000,66
2025-06-28,ORD-11255,Adidas Ultraboost,Apparel,Chennai Central,South,1.0,12000,7000,52
2025-06-28,ORD-11256,Minimalist Sofa 3-Seater,Furniture,Delhi North,North,2.0,60000,40000,143
2025-06-28,ORD-11257,Philips Air Fryer XL,Home & Kitchen,Kolkata South,East,1.0,12500,8500,40
2025-06-28,ORD-11258,Dyson Airwrap Styler,Home & Kitchen,Kolkata South,East,2.0,49000,38000,64
2025-06-29,ORD-11259,Dyson Airwrap Styler,Home & Kitchen,Chennai Central,South,2.0,49000,38000,144
2025-06-29,ORD-11260,Artisanal Dark Chocolate Pack,Grocery,Kolkata South,East,8.0,650,380,42
2025-06-29,ORD-11261,Adidas Ultraboost,Apparel,Bengaluru East,South,4.0,12000,7000,69
2025-06-29,ORD-11262,Philips Air Fryer XL,Home & Kitchen,Bengaluru East,South,1.0,12500,8500,95
2025-06-29,ORD-11263,Sony WH-1000XM5 Headphones,Electronics,Chennai Central,South,2.0,28000,20000,141
2025-06-29,ORD-11264,Minimalist Sofa 3-Seater,Furniture,Kolkata South,East,1.0,60000,40000,36
2025-06-29,ORD-11265,Standing Desk Dual Motor,Furniture,Chennai Central,South,4.0,32000,21000,87
2025-06-29,ORD-11266,Artisanal Dark Chocolate Pack,Grocery,Bengaluru East,South,7.0,650,380,89
2025-06-30,ORD-11267,Nike Air Max Sneakers,Apparel,Bengaluru East,South,3.0,9500,5500,60
2025-06-30,ORD-11268,iPad Air 5th Gen,Electronics,Bengaluru East,South,1.0,55000,42000,116
2025-06-30,ORD-11269,Organic Extra Virgin Olive Oil 1L,Grocery,Chennai Central,South,7.0,1400,950,117
2025-06-30,ORD-11270,Dyson Airwrap Styler,Home & Kitchen,Mumbai West,West,1.0,49000,38000,108
2025-06-30,ORD-11271,Solid Wood Dining Table,Furniture,Kolkata South,East,4.0,45000,30000,46
2025-06-30,ORD-11272,Zara Cotton Shirt,Apparel,Bengaluru East,South,3.0,2500,1200,84
2025-06-30,ORD-11273,Artisanal Dark Chocolate Pack,Grocery,Bengaluru East,South,8.0,650,380,145
2025-07-01,ORD-11274,Zara Cotton Shirt,Apparel,Chennai Central,South,1.0,2500,1200,79
2025-07-01,ORD-11275,Imported Coffee Beans 500g,Grocery,Mumbai West,West,1.0,1200,750,40
2025-07-01,ORD-11276,iPhone 15 Pro,Electronics,Bengaluru East,South,1.0,120000,95000,60
2025-07-01,ORD-11277,Artisanal Dark Chocolate Pack,Grocery,Mumbai West,West,2.0,650,380,34
2025-07-01,ORD-11278,Robot Vacuum Cleaner,Home & Kitchen,Bengaluru East,South,2.0,29000,19000,90
2025-07-01,ORD-11279,Imported Coffee Beans 500g,Grocery,Kolkata South,East,6.0,1200,750,19
2025-07-02,ORD-11280,Organic Extra Virgin Olive Oil 1L,Grocery,Bengaluru East,South,6.0,1400,950,111
2025-07-02,ORD-11281,Imported Coffee Beans 500g,Grocery,Chennai Central,South,3.0,1200,750,92
2025-07-02,ORD-11282,Zara Cotton Shirt,Apparel,Bengaluru East,South,2.0,2500,1200,94
2025-07-02,ORD-11283,Imported Coffee Beans 500g,Grocery,Chennai Central,South,8.0,1200,750,136
2025-07-03,ORD-11284,Puma Track Pants,Apparel,Chennai Central,South,4.0,2200,1100,82
2025-07-03,ORD-11285,Imported Coffee Beans 500g,Grocery,Kolkata South,East,5.0,1200,750,97
2025-07-03,ORD-11286,iPhone 15 Pro,Electronics,Kolkata South,East,1.0,120000,95000,47
2025-07-03,ORD-11287,Minimalist Sofa 3-Seater,Furniture,Kolkata South,East,1.0,60000,40000,102
2025-07-03,ORD-11288,Organic Extra Virgin Olive Oil 1L,Grocery,Bengaluru East,South,6.0,1400,950,120
2025-07-03,ORD-11289,Ergonomic Office Chair,Furniture,Mumbai West,West,2.0,18000,11000,75
2025-07-03,ORD-11290,Ergonomic Office Chair,Furniture,Chennai Central,South,3.0,18000,11000,44
2025-07-03,ORD-11291,Solid Wood Dining Table,Furniture,Chennai Central,South,3.0,45000,30000,24
2025-07-04,ORD-11292,Imported Coffee Beans 500g,Grocery,Delhi North,North,8.0,1200,750,20
2025-07-04,ORD-11293,Standing Desk Dual Motor,Furniture,Kolkata South,East,4.0,32000,21000,97
2025-07-04,ORD-11294,Dyson Airwrap Styler,Home & Kitchen,Bengaluru East,South,1.0,49000,38000,67
2025-07-04,ORD-11295,Nespresso Coffee Machine,Home & Kitchen,Mumbai West,West,3.0,18500,12500,108
2025-07-04,ORD-11296,Premium Basmati Rice 5kg,Grocery,Bengaluru East,South,4.0,850,580,88
2025-07-04,ORD-11297,Ergonomic Office Chair,Furniture,Delhi North,North,4.0,18000,11000,72
2025-07-04,ORD-11298,Dyson Airwrap Styler,Home & Kitchen,Kolkata South,East,1.0,49000,38000,101
2025-07-05,ORD-11299,Robot Vacuum Cleaner,Home & Kitchen,Bengaluru East,South,2.0,29000,19000,103
2025-07-05,ORD-11300,iPad Air 5th Gen,Electronics,Delhi North,North,3.0,55000,42000,125
2025-07-05,ORD-11301,Nespresso Coffee Machine,Home & Kitchen,Mumbai West,West,4.0,18500,12500,117
2025-07-05,ORD-11302,Standing Desk Dual Motor,Furniture,Kolkata South,East,2.0,32000,21000,19
2025-07-05,ORD-11303,Philips Air Fryer XL,Home & Kitchen,Kolkata South,East,4.0,12500,8500,69
2025-07-05,ORD-11304,Artisanal Dark Chocolate Pack,Grocery,Kolkata South,East,1.0,650,380,148
2025-07-05,ORD-11305,Adidas Ultraboost,Apparel,Bengaluru East,South,2.0,12000,7000,76
2025-07-05,ORD-11306,Adidas Ultraboost,Apparel,Bengaluru East,South,4.0,12000,7000,96
2025-07-05,ORD-11307,iPad Air 5th Gen,Electronics,Mumbai West,West,4.0,55000,42000,83
2025-07-05,ORD-11308,Solid Wood Dining Table,Furniture,Delhi North,North,2.0,45000,30000,118
2025-07-05,ORD-11309,Nike Air Max Sneakers,Apparel,Mumbai West,West,2.0,9500,5500,22
2025-07-06,ORD-11310,Standing Desk Dual Motor,Furniture,Bengaluru East,South,4.0,32000,21000,123
2025-07-06,ORD-11311,Samsung Galaxy S24,Electronics,Mumbai West,West,3.0,90000,72000,49
2025-07-06,ORD-11312,MacBook Air M3,Electronics,Delhi North,North,2.0,115000,90000,25
2025-07-06,ORD-11313,Organic Extra Virgin Olive Oil 1L,Grocery,Chennai Central,South,6.0,1400,950,91
2025-07-06,ORD-11314,Sony WH-1000XM5 Headphones,Electronics,Delhi North,North,1.0,28000,20000,116
2025-07-06,ORD-11315,Levi's Denim Jacket,Apparel,Chennai Central,South,1.0,4500,2400,148
2025-07-06,ORD-11316,Nespresso Coffee Machine,Home & Kitchen,Bengaluru East,South,1.0,18500,12500,75
2025-07-06,ORD-11317,Dyson Airwrap Styler,Home & Kitchen,Delhi North,North,3.0,49000,38000,114
2025-07-07,ORD-11318,Premium Basmati Rice 5kg,Grocery,Mumbai West,West,3.0,850,580,69
2025-07-07,ORD-11319,Standing Desk Dual Motor,Furniture,Bengaluru East,South,3.0,32000,21000,29
2025-07-07,ORD-11320,Artisanal Dark Chocolate Pack,Grocery,Chennai Central,South,7.0,650,380,136
2025-07-07,ORD-11321,Adidas Ultraboost,Apparel,Mumbai West,West,3.0,12000,7000,136
2025-07-07,ORD-11322,Minimalist Sofa 3-Seater,Furniture,Chennai Central,South,1.0,60000,40000,28
2025-07-08,ORD-11323,Standing Desk Dual Motor,Furniture,Delhi North,North,3.0,32000,21000,46
2025-07-08,ORD-11324,Philips Air Fryer XL,Home & Kitchen,Bengaluru East,South,4.0,12500,8500,17
2025-07-08,ORD-11325,Artisanal Dark Chocolate Pack,Grocery,Delhi North,North,4.0,650,380,91
2025-07-08,ORD-11326,Levi's Denim Jacket,Apparel,Bengaluru East,South,3.0,4500,2400,119
2025-07-08,ORD-11327,MacBook Air M3,Electronics,Chennai Central,South,4.0,115000,90000,135
2025-07-09,ORD-11328,Standing Desk Dual Motor,Furniture,Chennai Central,South,2.0,32000,21000,81
2025-07-09,ORD-11329,Dyson Airwrap Styler,Home & Kitchen,Delhi North,North,4.0,49000,38000,98
2025-07-09,ORD-11330,iPhone 15 Pro,Electronics,Mumbai West,West,4.0,120000,95000,49
2025-07-09,ORD-11331,Sony WH-1000XM5 Headphones,Electronics,Mumbai West,West,3.0,28000,20000,95
2025-07-09,ORD-11332,Dyson Airwrap Styler,Home & Kitchen,Chennai Central,South,2.0,49000,38000,78
2025-07-09,ORD-11333,Puma Track Pants,Apparel,Bengaluru East,South,3.0,2200,1100,130
2025-07-09,ORD-11334,Premium Basmati Rice 5kg,Grocery,Delhi North,North,6.0,850,580,87
2025-07-10,ORD-11335,Sony WH-1000XM5 Headphones,Electronics,Delhi North,North,2.0,28000,20000,115
2025-07-10,ORD-11336,Premium Basmati Rice 5kg,Grocery,Chennai Central,South,4.0,850,580,37
2025-07-10,ORD-11337,Premium Basmati Rice 5kg,Grocery,Delhi North,North,1.0,850,580,117
2025-07-10,ORD-11338,Robot Vacuum Cleaner,Home & Kitchen,Kolkata South,East,3.0,29000,19000,53
2025-07-10,ORD-11339,MacBook Air M3,Electronics,Mumbai West,West,1.0,115000,90000,18
2025-07-11,ORD-11340,Imported Coffee Beans 500g,Grocery,Bengaluru East,South,4.0,1200,750,67
2025-07-11,ORD-11341,Adidas Ultraboost,Apparel,Delhi North,North,4.0,12000,7000,112
2025-07-11,ORD-11342,Zara Cotton Shirt,Apparel,Mumbai West,West,2.0,2500,1200,87
2025-07-11,ORD-11343,Zara Cotton Shirt,Apparel,Mumbai West,West,4.0,2500,1200,52
2025-07-11,ORD-11344,MacBook Air M3,Electronics,Delhi North,North,2.0,115000,90000,130
2025-07-11,ORD-11345,Adidas Ultraboost,Apparel,Kolkata South,East,4.0,12000,7000,36
2025-07-11,ORD-11346,Sony WH-1000XM5 Headphones,Electronics,Mumbai West,West,3.0,28000,20000,116
2025-07-11,ORD-11347,Zara Cotton Shirt,Apparel,Bengaluru East,South,3.0,2500,1200,33
2025-07-12,ORD-11348,Dyson Airwrap Styler,Home & Kitchen,Chennai Central,South,3.0,49000,38000,75
2025-07-12,ORD-11349,Ergonomic Office Chair,Furniture,Chennai Central,South,3.0,18000,11000,144
2025-07-12,ORD-11350,Robot Vacuum Cleaner,Home & Kitchen,Delhi North,North,4.0,29000,19000,109
2025-07-12,ORD-11351,Puma Track Pants,Apparel,Chennai Central,South,2.0,2200,1100,81
2025-07-12,ORD-11352,Puma Track Pants,Apparel,Bengaluru East,South,3.0,2200,1100,134
2025-07-12,ORD-11353,Nike Air Max Sneakers,Apparel,Delhi North,North,4.0,9500,5500,51
2025-07-12,ORD-11354,Ergonomic Office Chair,Furniture,Delhi North,North,1.0,18000,11000,47
2025-07-13,ORD-11355,Minimalist Sofa 3-Seater,Furniture,Bengaluru East,South,3.0,60000,40000,82
2025-07-13,ORD-11356,Nespresso Coffee Machine,Home & Kitchen,Kolkata South,East,3.0,18500,12500,126
2025-07-13,ORD-11357,Adidas Ultraboost,Apparel,Bengaluru East,South,2.0,12000,7000,127
2025-07-13,ORD-11358,Samsung Galaxy S24,Electronics,Mumbai West,West,1.0,90000,72000,73
2025-07-13,ORD-11359,Nike Air Max Sneakers,Apparel,Bengaluru East,South,3.0,9500,5500,56
2025-07-13,ORD-11360,Imported Coffee Beans 500g,Grocery,Chennai Central,South,1.0,1200,750,128
2025-07-13,ORD-11361,Standing Desk Dual Motor,Furniture,Bengaluru East,South,4.0,32000,21000,43
2025-07-13,ORD-11362,Nike Air Max Sneakers,Apparel,Delhi North,North,1.0,9500,5500,67
2025-07-13,ORD-11363,Solid Wood Dining Table,Furniture,Mumbai West,West,3.0,45000,30000,69
2025-07-13,ORD-11364,Dyson Airwrap Styler,Home & Kitchen,Kolkata South,East,2.0,49000,38000,121
2025-07-14,ORD-11365,Organic Extra Virgin Olive Oil 1L,Grocery,Delhi North,North,5.0,1400,950,46
2025-07-14,ORD-11366,Artisanal Dark Chocolate Pack,Grocery,Kolkata South,East,6.0,650,380,54
2025-07-14,ORD-11367,iPhone 15 Pro,Electronics,Bengaluru East,South,4.0,120000,95000,131
2025-07-14,ORD-11368,Ergonomic Office Chair,Furniture,Delhi North,North,1.0,18000,11000,130
2025-07-14,ORD-11369,Solid Wood Dining Table,Furniture,Mumbai West,West,1.0,45000,30000,87
2025-07-15,ORD-11370,iPad Air 5th Gen,Electronics,Chennai Central,South,4.0,55000,42000,38
2025-07-15,ORD-11371,Artisanal Dark Chocolate Pack,Grocery,Mumbai West,West,7.0,650,380,37
2025-07-15,ORD-11372,Samsung Galaxy S24,Electronics,Mumbai West,West,4.0,90000,72000,118
2025-07-15,ORD-11373,Solid Wood Dining Table,Furniture,Chennai Central,South,3.0,45000,30000,140
2025-07-15,ORD-11374,Artisanal Dark Chocolate Pack,Grocery,Kolkata South,East,6.0,650,380,39
2025-07-15,ORD-11375,Solid Wood Dining Table,Furniture,Bengaluru East,South,4.0,45000,30000,114
2025-07-16,ORD-11376,Standing Desk Dual Motor,Furniture,Chennai Central,South,4.0,32000,21000,109
2025-07-16,ORD-11377,Philips Air Fryer XL,Home & Kitchen,Bengaluru East,South,4.0,12500,8500,38
2025-07-16,ORD-11378,Dell XPS 15,Electronics,Delhi North,North,4.0,140000,110000,72
2025-07-16,ORD-11379,Zara Cotton Shirt,Apparel,Kolkata South,East,1.0,2500,1200,89
2025-07-16,ORD-11380,Imported Coffee Beans 500g,Grocery,Chennai Central,South,5.0,1200,750,53
2025-07-16,ORD-11381,Adidas Ultraboost,Apparel,Mumbai West,West,4.0,12000,7000,90
2025-07-16,ORD-11382,Dyson Airwrap Styler,Home & Kitchen,Kolkata South,East,1.0,49000,38000,26
2025-07-17,ORD-11383,Imported Coffee Beans 500g,Grocery,Chennai Central,South,5.0,1200,750,105
2025-07-17,ORD-11384,Ergonomic Office Chair,Furniture,Kolkata South,East,1.0,18000,11000,44
2025-07-17,ORD-11385,Premium Basmati Rice 5kg,Grocery,Mumbai West,West,1.0,850,580,36
2025-07-17,ORD-11386,Artisanal Dark Chocolate Pack,Grocery,Delhi North,North,8.0,650,380,82
2025-07-17,ORD-11387,Solid Wood Dining Table,Furniture,Mumbai West,West,2.0,45000,30000,35
2025-07-17,ORD-11388,Nespresso Coffee Machine,Home & Kitchen,Chennai Central,South,4.0,18500,12500,19
2025-07-17,ORD-11389,Sony WH-1000XM5 Headphones,Electronics,Chennai Central,South,1.0,28000,20000,58
2025-07-17,ORD-11390,Imported Coffee Beans 500g,Grocery,Bengaluru East,South,5.0,1200,750,107
2025-07-18,ORD-11391,Ergonomic Office Chair,Furniture,Mumbai West,West,2.0,18000,11000,18
2025-07-18,ORD-11392,Nike Air Max Sneakers,Apparel,Chennai Central,South,2.0,9500,5500,21
2025-07-18,ORD-11393,Zara Cotton Shirt,Apparel,Mumbai West,West,2.0,2500,1200,126
2025-07-18,ORD-11394,Philips Air Fryer XL,Home & Kitchen,Chennai Central,South,3.0,12500,8500,133
2025-07-18,ORD-11395,Zara Cotton Shirt,Apparel,Bengaluru East,South,1.0,2500,1200,44
2025-07-18,ORD-11396,Levi's Denim Jacket,Apparel,Bengaluru East,South,4.0,4500,2400,135
2025-07-18,ORD-11397,Sony WH-1000XM5 Headphones,Electronics,Kolkata South,East,2.0,28000,20000,66
2025-07-19,ORD-11398,Robot Vacuum Cleaner,Home & Kitchen,Chennai Central,South,3.0,29000,19000,17
2025-07-19,ORD-11399,iPad Air 5th Gen,Electronics,Bengaluru East,South,4.0,55000,42000,141
2025-07-19,ORD-11400,Nespresso Coffee Machine,Home & Kitchen,Chennai Central,South,4.0,18500,12500,117
2025-07-19,ORD-11401,Imported Coffee Beans 500g,Grocery,Mumbai West,West,1.0,1200,750,123
2025-07-19,ORD-11402,Nespresso Coffee Machine,Home & Kitchen,Kolkata South,East,1.0,18500,12500,83
2025-07-19,ORD-11403,Imported Coffee Beans 500g,Grocery,Chennai Central,South,6.0,1200,750,129
2025-07-19,ORD-11404,Organic Extra Virgin Olive Oil 1L,Grocery,Mumbai West,West,4.0,1400,950,135
2025-07-19,ORD-11405,Standing Desk Dual Motor,Furniture,Mumbai West,West,2.0,32000,21000,101
2025-07-19,ORD-11406,Robot Vacuum Cleaner,Home & Kitchen,Mumbai West,West,3.0,29000,19000,114
2025-07-20,ORD-11407,Standing Desk Dual Motor,Furniture,Mumbai West,West,2.0,32000,21000,87
2025-07-20,ORD-11408,iPad Air 5th Gen,Electronics,Bengaluru East,South,2.0,55000,42000,59
2025-07-20,ORD-11409,Levi's Denim Jacket,Apparel,Kolkata South,East,4.0,4500,2400,40
2025-07-20,ORD-11410,Imported Coffee Beans 500g,Grocery,Delhi North,North,4.0,1200,750,27
2025-07-20,ORD-11411,MacBook Air M3,Electronics,Delhi North,North,3.0,115000,90000,55
2025-07-20,ORD-11412,Puma Track Pants,Apparel,Chennai Central,South,1.0,2200,1100,101
2025-07-20,ORD-11413,Organic Extra Virgin Olive Oil 1L,Grocery,Kolkata South,East,2.0,1400,950,72
2025-07-20,ORD-11414,Artisanal Dark Chocolate Pack,Grocery,Delhi North,North,1.0,650,380,83
2025-07-20,ORD-11415,Puma Track Pants,Apparel,Kolkata South,East,1.0,2200,1100,27
2025-07-20,ORD-11416,Imported Coffee Beans 500g,Grocery,Chennai Central,South,2.0,1200,750,25
2025-07-21,ORD-11417,Samsung Galaxy S24,Electronics,Chennai Central,South,2.0,90000,72000,107
2025-07-21,ORD-11418,Adidas Ultraboost,Apparel,Bengaluru East,South,4.0,12000,7000,40
2025-07-21,ORD-11419,Adidas Ultraboost,Apparel,Delhi North,North,2.0,12000,7000,46
2025-07-21,ORD-11420,Zara Cotton Shirt,Apparel,Bengaluru East,South,1.0,2500,1200,77
2025-07-21,ORD-11421,Artisanal Dark Chocolate Pack,Grocery,Delhi North,North,2.0,650,380,83
2025-07-21,ORD-11422,Standing Desk Dual Motor,Furniture,Delhi North,North,2.0,32000,21000,53
2025-07-21,ORD-11423,Robot Vacuum Cleaner,Home & Kitchen,Mumbai West,West,2.0,29000,19000,124
2025-07-21,ORD-11424,Imported Coffee Beans 500g,Grocery,Bengaluru East,South,1.0,1200,750,128
2025-07-22,ORD-11425,iPad Air 5th Gen,Electronics,Kolkata South,East,1.0,55000,42000,36
2025-07-23,ORD-11426,Standing Desk Dual Motor,Furniture,Mumbai West,West,4.0,32000,21000,30
2025-07-23,ORD-11427,Organic Extra Virgin Olive Oil 1L,Grocery,Mumbai West,West,5.0,1400,950,122
2025-07-23,ORD-11428,Artisanal Dark Chocolate Pack,Grocery,Delhi North,North,1.0,650,380,86
2025-07-23,ORD-11429,Philips Air Fryer XL,Home & Kitchen,Bengaluru East,South,4.0,12500,8500,67
2025-07-23,ORD-11430,Robot Vacuum Cleaner,Home & Kitchen,Delhi North,North,4.0,29000,19000,65
2025-07-23,ORD-11431,Ergonomic Office Chair,Furniture,Chennai Central,South,3.0,18000,11000,114
2025-07-24,ORD-11432,Nespresso Coffee Machine,Home & Kitchen,Mumbai West,West,1.0,18500,12500,145
2025-07-24,ORD-11433,Nespresso Coffee Machine,Home & Kitchen,Kolkata South,East,3.0,18500,12500,55
2025-07-24,ORD-11434,iPhone 15 Pro,Electronics,Kolkata South,East,3.0,120000,95000,76
2025-07-24,ORD-11435,Standing Desk Dual Motor,Furniture,Kolkata South,East,1.0,32000,21000,30
2025-07-24,ORD-11436,Minimalist Sofa 3-Seater,Furniture,Kolkata South,East,3.0,60000,40000,46
2025-07-25,ORD-11437,Sony WH-1000XM5 Headphones,Electronics,Delhi North,North,1.0,28000,20000,131
2025-07-25,ORD-11438,Solid Wood Dining Table,Furniture,Kolkata South,East,2.0,45000,30000,104
2025-07-25,ORD-11439,Minimalist Sofa 3-Seater,Furniture,Kolkata South,East,2.0,60000,40000,111
2025-07-25,ORD-11440,Philips Air Fryer XL,Home & Kitchen,Chennai Central,South,3.0,12500,8500,147
2025-07-26,ORD-11441,Adidas Ultraboost,Apparel,Bengaluru East,South,1.0,12000,7000,52
2025-07-26,ORD-11442,Imported Coffee Beans 500g,Grocery,Chennai Central,South,1.0,1200,750,123
2025-07-26,ORD-11443,Zara Cotton Shirt,Apparel,Mumbai West,West,4.0,2500,1200,34
2025-07-26,ORD-11444,Standing Desk Dual Motor,Furniture,Kolkata South,East,4.0,32000,21000,82
2025-07-26,ORD-11445,Robot Vacuum Cleaner,Home & Kitchen,Bengaluru East,South,4.0,29000,19000,140
2025-07-26,ORD-11446,Premium Basmati Rice 5kg,Grocery,Mumbai West,West,8.0,850,580,132
2025-07-26,ORD-11447,Puma Track Pants,Apparel,Kolkata South,East,1.0,2200,1100,69
2025-07-26,ORD-11448,Imported Coffee Beans 500g,Grocery,Chennai Central,South,6.0,1200,750,45
2025-07-26,ORD-11449,Robot Vacuum Cleaner,Home & Kitchen,Chennai Central,South,1.0,29000,19000,109
2025-07-26,ORD-11450,Nespresso Coffee Machine,Home & Kitchen,Chennai Central,South,2.0,18500,12500,45
2025-07-26,ORD-11451,Minimalist Sofa 3-Seater,Furniture,Delhi North,North,3.0,60000,40000,90
2025-07-27,ORD-11452,Samsung Galaxy S24,Electronics,Mumbai West,West,4.0,90000,72000,27
2025-07-27,ORD-11453,Minimalist Sofa 3-Seater,Furniture,Mumbai West,West,2.0,60000,40000,140
2025-07-27,ORD-11454,iPhone 15 Pro,Electronics,Kolkata South,East,3.0,120000,95000,32
2025-07-27,ORD-11455,Sony WH-1000XM5 Headphones,Electronics,Bengaluru East,South,3.0,28000,20000,130
2025-07-27,ORD-11456,Standing Desk Dual Motor,Furniture,Bengaluru East,South,2.0,32000,21000,50
2025-07-27,ORD-11457,Robot Vacuum Cleaner,Home & Kitchen,Bengaluru East,South,4.0,29000,19000,53
2025-07-27,ORD-11458,Ergonomic Office Chair,Furniture,Kolkata South,East,4.0,18000,11000,114
2025-07-27,ORD-11459,Zara Cotton Shirt,Apparel,Delhi North,North,1.0,2500,1200,128
2025-07-27,ORD-11460,Ergonomic Office Chair,Furniture,Mumbai West,West,1.0,18000,11000,94
2025-07-27,ORD-11461,Dyson Airwrap Styler,Home & Kitchen,Kolkata South,East,1.0,49000,38000,64
2025-07-28,ORD-11462,Dyson Airwrap Styler,Home & Kitchen,Kolkata South,East,2.0,49000,38000,136
2025-07-28,ORD-11463,iPhone 15 Pro,Electronics,Kolkata South,East,2.0,120000,95000,19
2025-07-28,ORD-11464,Solid Wood Dining Table,Furniture,Mumbai West,West,4.0,45000,30000,36
2025-07-28,ORD-11465,Nespresso Coffee Machine,Home & Kitchen,Bengaluru East,South,1.0,18500,12500,140
2025-07-28,ORD-11466,MacBook Air M3,Electronics,Bengaluru East,South,2.0,115000,90000,121
2025-07-28,ORD-11467,Dell XPS 15,Electronics,Delhi North,North,4.0,140000,110000,80
2025-07-28,ORD-11468,iPhone 15 Pro,Electronics,Chennai Central,South,2.0,120000,95000,88
2025-07-28,ORD-11469,Levi's Denim Jacket,Apparel,Delhi North,North,1.0,4500,2400,54
2025-07-29,ORD-11470,Premium Basmati Rice 5kg,Grocery,Chennai Central,South,3.0,850,580,21
2025-07-29,ORD-11471,MacBook Air M3,Electronics,Bengaluru East,South,1.0,115000,90000,96
2025-07-29,ORD-11472,Zara Cotton Shirt,Apparel,Delhi North,North,3.0,2500,1200,111
2025-07-29,ORD-11473,iPhone 15 Pro,Electronics,Mumbai West,West,2.0,120000,95000,75
2025-07-29,ORD-11474,Imported Coffee Beans 500g,Grocery,Chennai Central,South,1.0,1200,750,96
2025-07-29,ORD-11475,Imported Coffee Beans 500g,Grocery,Chennai Central,South,1.0,1200,750,119
2025-07-30,ORD-11476,MacBook Air M3,Electronics,Kolkata South,East,1.0,115000,90000,78
2025-07-30,ORD-11477,Philips Air Fryer XL,Home & Kitchen,Delhi North,North,4.0,12500,8500,129
2025-07-30,ORD-11478,iPad Air 5th Gen,Electronics,Kolkata South,East,2.0,55000,42000,51
2025-07-30,ORD-11479,Solid Wood Dining Table,Furniture,Mumbai West,West,4.0,45000,30000,130
2025-07-30,ORD-11480,iPhone 15 Pro,Electronics,Bengaluru East,South,3.0,120000,95000,57
2025-07-31,ORD-11481,Sony WH-1000XM5 Headphones,Electronics,Delhi North,North,3.0,28000,20000,112
2025-07-31,ORD-11482,Solid Wood Dining Table,Furniture,Kolkata South,East,3.0,45000,30000,26
2025-07-31,ORD-11483,Puma Track Pants,Apparel,Kolkata South,East,1.0,2200,1100,91
2025-07-31,ORD-11484,Sony WH-1000XM5 Headphones,Electronics,Chennai Central,South,2.0,28000,20000,86
2025-08-01,ORD-11485,Puma Track Pants,Apparel,Kolkata South,East,3.0,2200,1100,102
2025-08-01,ORD-11486,Standing Desk Dual Motor,Furniture,Delhi North,North,2.0,32000,21000,97
2025-08-01,ORD-11487,Solid Wood Dining Table,Furniture,Bengaluru East,South,3.0,45000,30000,19
2025-08-01,ORD-11488,Nike Air Max Sneakers,Apparel,Kolkata South,East,4.0,9500,5500,16
2025-08-01,ORD-11489,iPad Air 5th Gen,Electronics,Mumbai West,West,4.0,55000,42000,140
2025-08-01,ORD-11490,Organic Extra Virgin Olive Oil 1L,Grocery,Chennai Central,South,8.0,1400,950,46
2025-08-01,ORD-11491,Standing Desk Dual Motor,Furniture,Kolkata South,East,3.0,32000,21000,114
2025-08-02,ORD-11492,iPhone 15 Pro,Electronics,Bengaluru East,South,3.0,120000,95000,64
2025-08-02,ORD-11493,Organic Extra Virgin Olive Oil 1L,Grocery,Mumbai West,West,5.0,1400,950,106
2025-08-02,ORD-11494,Nike Air Max Sneakers,Apparel,Kolkata South,East,3.0,9500,5500,71
2025-08-02,ORD-11495,Zara Cotton Shirt,Apparel,Delhi North,North,1.0,2500,1200,86
2025-08-02,ORD-11496,Premium Basmati Rice 5kg,Grocery,Chennai Central,South,7.0,850,580,43
2025-08-02,ORD-11497,Standing Desk Dual Motor,Furniture,Mumbai West,West,2.0,32000,21000,59
2025-08-02,ORD-11498,Dell XPS 15,Electronics,Mumbai West,West,1.0,140000,110000,47
2025-08-02,ORD-11499,Solid Wood Dining Table,Furniture,Kolkata South,East,3.0,45000,30000,64
2025-08-03,ORD-11500,iPad Air 5th Gen,Electronics,Kolkata South,East,3.0,55000,42000,131
2025-08-03,ORD-11501,Sony WH-1000XM5 Headphones,Electronics,Chennai Central,South,3.0,28000,20000,125
2025-08-03,ORD-11502,Artisanal Dark Chocolate Pack,Grocery,Chennai Central,South,8.0,650,380,107
2025-08-03,ORD-11503,Dyson Airwrap Styler,Home & Kitchen,Mumbai West,West,1.0,49000,38000,86
2025-08-03,ORD-11504,Robot Vacuum Cleaner,Home & Kitchen,Delhi North,North,1.0,29000,19000,115
2025-08-03,ORD-11505,Adidas Ultraboost,Apparel,Chennai Central,South,1.0,12000,7000,72
2025-08-03,ORD-11506,Organic Extra Virgin Olive Oil 1L,Grocery,Mumbai West,West,3.0,1400,950,99
2025-08-03,ORD-11507,Ergonomic Office Chair,Furniture,Chennai Central,South,1.0,18000,11000,137
2025-08-03,ORD-11508,Organic Extra Virgin Olive Oil 1L,Grocery,Kolkata South,East,5.0,1400,950,78
2025-08-03,ORD-11509,Sony WH-1000XM5 Headphones,Electronics,Mumbai West,West,3.0,28000,20000,28
2025-08-03,ORD-11510,Solid Wood Dining Table,Furniture,Chennai Central,South,4.0,45000,30000,39
2025-08-03,ORD-11511,Organic Extra Virgin Olive Oil 1L,Grocery,Chennai Central,South,1.0,1400,950,111
2025-08-04,ORD-11512,Samsung Galaxy S24,Electronics,Chennai Central,South,4.0,90000,72000,29
2025-08-04,ORD-11513,Standing Desk Dual Motor,Furniture,Chennai Central,South,1.0,32000,21000,29
2025-08-04,ORD-11514,Dyson Airwrap Styler,Home & Kitchen,Delhi North,North,4.0,49000,38000,3
2025-08-04,ORD-11515,Puma Track Pants,Apparel,Kolkata South,East,1.0,2200,1100,131
2025-08-04,ORD-11516,Imported Coffee Beans 500g,Grocery,Bengaluru East,South,6.0,1200,750,21
2025-08-04,ORD-11517,Artisanal Dark Chocolate Pack,Grocery,Kolkata South,East,2.0,650,380,41
2025-08-05,ORD-11518,Dyson Airwrap Styler,Home & Kitchen,Kolkata South,East,2.0,49000,38000,47
2025-08-05,ORD-11519,Minimalist Sofa 3-Seater,Furniture,Bengaluru East,South,4.0,60000,40000,128
2025-08-05,ORD-11520,Levi's Denim Jacket,Apparel,Mumbai West,West,1.0,4500,2400,30
2025-08-05,ORD-11521,Adidas Ultraboost,Apparel,Kolkata South,East,4.0,12000,7000,146
2025-08-06,ORD-11522,Solid Wood Dining Table,Furniture,Mumbai West,West,4.0,45000,30000,94
2025-08-06,ORD-11523,Nespresso Coffee Machine,Home & Kitchen,Delhi North,North,3.0,18500,12500,17
2025-08-06,ORD-11524,Philips Air Fryer XL,Home & Kitchen,Chennai Central,South,2.0,12500,8500,144
2025-08-06,ORD-11525,Dyson Airwrap Styler,Home & Kitchen,Bengaluru East,South,3.0,49000,38000,65
2025-08-06,ORD-11526,Nike Air Max Sneakers,Apparel,Delhi North,North,2.0,9500,5500,136
2025-08-06,ORD-11527,Artisanal Dark Chocolate Pack,Grocery,Kolkata South,East,5.0,650,380,122
2025-08-07,ORD-11528,Nike Air Max Sneakers,Apparel,Bengaluru East,South,1.0,9500,5500,141
2025-08-07,ORD-11529,Nike Air Max Sneakers,Apparel,Mumbai West,West,2.0,9500,5500,134
2025-08-07,ORD-11530,Philips Air Fryer XL,Home & Kitchen,Mumbai West,West,4.0,12500,8500,99
2025-08-07,ORD-11531,Premium Basmati Rice 5kg,Grocery,Bengaluru East,South,1.0,850,580,107
2025-08-07,ORD-11532,iPhone 15 Pro,Electronics,Delhi North,North,1.0,120000,95000,44
2025-08-07,ORD-11533,Adidas Ultraboost,Apparel,Bengaluru East,South,2.0,12000,7000,107
2025-08-08,ORD-11534,Samsung Galaxy S24,Electronics,Mumbai West,West,3.0,90000,72000,59
2025-08-08,ORD-11535,Adidas Ultraboost,Apparel,Mumbai West,West,3.0,12000,7000,77
2025-08-08,ORD-11536,Levi's Denim Jacket,Apparel,Chennai Central,South,2.0,4500,2400,82
2025-08-08,ORD-11537,iPhone 15 Pro,Electronics,Mumbai West,West,4.0,120000,95000,43
2025-08-09,ORD-11538,Adidas Ultraboost,Apparel,Bengaluru East,South,2.0,12000,7000,109
2025-08-09,ORD-11539,Solid Wood Dining Table,Furniture,Kolkata South,East,4.0,45000,30000,31
2025-08-09,ORD-11540,Samsung Galaxy S24,Electronics,Mumbai West,West,2.0,90000,72000,64
2025-08-09,ORD-11541,Robot Vacuum Cleaner,Home & Kitchen,Delhi North,North,3.0,29000,19000,124
2025-08-09,ORD-11542,Nike Air Max Sneakers,Apparel,Kolkata South,East,2.0,9500,5500,90
2025-08-09,ORD-11543,Adidas Ultraboost,Apparel,Mumbai West,West,1.0,12000,7000,86
2025-08-09,ORD-11544,Puma Track Pants,Apparel,Kolkata South,East,4.0,2200,1100,68
2025-08-09,ORD-11545,Sony WH-1000XM5 Headphones,Electronics,Kolkata South,East,1.0,28000,20000,57
2025-08-09,ORD-11546,Robot Vacuum Cleaner,Home & Kitchen,Kolkata South,East,3.0,29000,19000,142
2025-08-10,ORD-11547,Premium Basmati Rice 5kg,Grocery,Delhi North,North,8.0,850,580,141
2025-08-10,ORD-11548,Artisanal Dark Chocolate Pack,Grocery,Kolkata South,East,1.0,650,380,68
2025-08-10,ORD-11549,Levi's Denim Jacket,Apparel,Bengaluru East,South,2.0,4500,2400,116
2025-08-10,ORD-11550,Adidas Ultraboost,Apparel,Bengaluru East,South,4.0,12000,7000,55
2025-08-10,ORD-11551,Minimalist Sofa 3-Seater,Furniture,Kolkata South,East,1.0,60000,40000,49
2025-08-10,ORD-11552,MacBook Air M3,Electronics,Bengaluru East,South,3.0,115000,90000,73
2025-08-10,ORD-11553,Dyson Airwrap Styler,Home & Kitchen,Bengaluru East,South,3.0,49000,38000,124
2025-08-10,ORD-11554,Imported Coffee Beans 500g,Grocery,Delhi North,North,6.0,1200,750,84
2025-08-10,ORD-11555,Organic Extra Virgin Olive Oil 1L,Grocery,Mumbai West,West,4.0,1400,950,82
2025-08-10,ORD-11556,MacBook Air M3,Electronics,Chennai Central,South,3.0,115000,90000,143
2025-08-10,ORD-11557,Dyson Airwrap Styler,Home & Kitchen,Delhi North,North,2.0,49000,38000,2
2025-08-11,ORD-11558,Philips Air Fryer XL,Home & Kitchen,Delhi North,North,2.0,12500,8500,99
2025-08-11,ORD-11559,Minimalist Sofa 3-Seater,Furniture,Delhi North,North,2.0,60000,40000,50
2025-08-11,ORD-11560,Nespresso Coffee Machine,Home & Kitchen,Chennai Central,South,3.0,18500,12500,87
2025-08-11,ORD-11561,Standing Desk Dual Motor,Furniture,Bengaluru East,South,1.0,32000,21000,135
2025-08-12,ORD-11562,Zara Cotton Shirt,Apparel,Mumbai West,West,2.0,2500,1200,68
2025-08-12,ORD-11563,Premium Basmati Rice 5kg,Grocery,Kolkata South,East,8.0,850,580,102
2025-08-12,ORD-11564,MacBook Air M3,Electronics,Mumbai West,West,4.0,115000,90000,121
2025-08-12,ORD-11565,Zara Cotton Shirt,Apparel,Bengaluru East,South,1.0,2500,1200,110
2025-08-12,ORD-11566,Puma Track Pants,Apparel,Mumbai West,West,3.0,2200,1100,17
2025-08-12,ORD-11567,Artisanal Dark Chocolate Pack,Grocery,Delhi North,North,7.0,650,380,123
2025-08-12,ORD-11568,Artisanal Dark Chocolate Pack,Grocery,Delhi North,North,1.0,650,380,50
2025-08-12,ORD-11569,Adidas Ultraboost,Apparel,Kolkata South,East,4.0,12000,7000,112
2025-08-13,ORD-11570,Organic Extra Virgin Olive Oil 1L,Grocery,Kolkata South,East,4.0,1400,950,136
2025-08-13,ORD-11571,MacBook Air M3,Electronics,Kolkata South,East,4.0,115000,90000,92
2025-08-13,ORD-11572,Samsung Galaxy S24,Electronics,Chennai Central,South,2.0,90000,72000,23
2025-08-13,ORD-11573,Robot Vacuum Cleaner,Home & Kitchen,Chennai Central,South,2.0,29000,19000,65
2025-08-13,ORD-11574,Sony WH-1000XM5 Headphones,Electronics,Delhi North,North,2.0,28000,20000,74
2025-08-14,ORD-11575,Dyson Airwrap Styler,Home & Kitchen,Bengaluru East,South,1.0,49000,38000,109
2025-08-14,ORD-11576,Adidas Ultraboost,Apparel,Bengaluru East,South,4.0,12000,7000,55
2025-08-14,ORD-11577,Samsung Galaxy S24,Electronics,Kolkata South,East,4.0,90000,72000,137
2025-08-14,ORD-11578,Sony WH-1000XM5 Headphones,Electronics,Mumbai West,West,2.0,28000,20000,67
2025-08-14,ORD-11579,Standing Desk Dual Motor,Furniture,Bengaluru East,South,2.0,32000,21000,94
2025-08-14,ORD-11580,Philips Air Fryer XL,Home & Kitchen,Kolkata South,East,4.0,12500,8500,85
2025-08-15,ORD-11581,Samsung Galaxy S24,Electronics,Bengaluru East,South,1.0,90000,72000,117
2025-08-15,ORD-11582,Philips Air Fryer XL,Home & Kitchen,Kolkata South,East,3.0,12500,8500,140
2025-08-15,ORD-11583,Imported Coffee Beans 500g,Grocery,Kolkata South,East,2.0,1200,750,88
2025-08-15,ORD-11584,Artisanal Dark Chocolate Pack,Grocery,Delhi North,North,3.0,650,380,121
2025-08-15,ORD-11585,Levi's Denim Jacket,Apparel,Kolkata South,East,4.0,4500,2400,132
2025-08-16,ORD-11586,Puma Track Pants,Apparel,Chennai Central,South,4.0,2200,1100,26
2025-08-16,ORD-11587,Levi's Denim Jacket,Apparel,Delhi North,North,3.0,4500,2400,32
2025-08-16,ORD-11588,Zara Cotton Shirt,Apparel,Bengaluru East,South,1.0,2500,1200,109
2025-08-16,ORD-11589,iPhone 15 Pro,Electronics,Kolkata South,East,3.0,120000,95000,119
2025-08-16,ORD-11590,Premium Basmati Rice 5kg,Grocery,Delhi North,North,1.0,850,580,133
2025-08-16,ORD-11591,iPhone 15 Pro,Electronics,Bengaluru East,South,4.0,120000,95000,102
2025-08-16,ORD-11592,Premium Basmati Rice 5kg,Grocery,Bengaluru East,South,1.0,850,580,79
2025-08-16,ORD-11593,iPad Air 5th Gen,Electronics,Mumbai West,West,3.0,55000,42000,133
2025-08-16,ORD-11594,Imported Coffee Beans 500g,Grocery,Chennai Central,South,4.0,1200,750,127
2025-08-16,ORD-11595,Zara Cotton Shirt,Apparel,Delhi North,North,2.0,2500,1200,58
2025-08-17,ORD-11596,Dyson Airwrap Styler,Home & Kitchen,Mumbai West,West,3.0,49000,38000,46
2025-08-17,ORD-11597,Premium Basmati Rice 5kg,Grocery,Chennai Central,South,5.0,850,580,54
2025-08-17,ORD-11598,Artisanal Dark Chocolate Pack,Grocery,Mumbai West,West,1.0,650,380,70
2025-08-17,ORD-11599,Organic Extra Virgin Olive Oil 1L,Grocery,Kolkata South,East,7.0,1400,950,93
2025-08-17,ORD-11600,Organic Extra Virgin Olive Oil 1L,Grocery,Kolkata South,East,1.0,1400,950,111
2025-08-17,ORD-11601,Levi's Denim Jacket,Apparel,Delhi North,North,2.0,4500,2400,66
2025-08-17,ORD-11602,iPhone 15 Pro,Electronics,Bengaluru East,South,1.0,120000,95000,18
2025-08-18,ORD-11603,Nike Air Max Sneakers,Apparel,Mumbai West,West,1.0,9500,5500,57
2025-08-18,ORD-11604,Nike Air Max Sneakers,Apparel,Bengaluru East,South,1.0,9500,5500,98
2025-08-18,ORD-11605,Solid Wood Dining Table,Furniture,Kolkata South,East,2.0,45000,30000,116
2025-08-18,ORD-11606,Organic Extra Virgin Olive Oil 1L,Grocery,Mumbai West,West,2.0,1400,950,106
2025-08-18,ORD-11607,Solid Wood Dining Table,Furniture,Chennai Central,South,4.0,45000,30000,95
2025-08-18,ORD-11608,Sony WH-1000XM5 Headphones,Electronics,Mumbai West,West,4.0,28000,20000,71
2025-08-19,ORD-11609,Minimalist Sofa 3-Seater,Furniture,Chennai Central,South,1.0,60000,40000,70
2025-08-19,ORD-11610,Artisanal Dark Chocolate Pack,Grocery,Kolkata South,East,2.0,650,380,58
2025-08-19,ORD-11611,Ergonomic Office Chair,Furniture,Kolkata South,East,3.0,18000,11000,114
2025-08-19,ORD-11612,Adidas Ultraboost,Apparel,Mumbai West,West,3.0,12000,7000,138
2025-08-20,ORD-11613,Ergonomic Office Chair,Furniture,Kolkata South,East,4.0,18000,11000,112
2025-08-20,ORD-11614,Philips Air Fryer XL,Home & Kitchen,Kolkata South,East,1.0,12500,8500,74
2025-08-20,ORD-11615,Dell XPS 15,Electronics,Chennai Central,South,3.0,140000,110000,75
2025-08-20,ORD-11616,Premium Basmati Rice 5kg,Grocery,Kolkata South,East,1.0,850,580,50
2025-08-21,ORD-11617,Artisanal Dark Chocolate Pack,Grocery,Mumbai West,West,7.0,650,380,67
2025-08-21,ORD-11618,Samsung Galaxy S24,Electronics,Kolkata South,East,4.0,90000,72000,99
2025-08-21,ORD-11619,Adidas Ultraboost,Apparel,Delhi North,North,1.0,12000,7000,148
2025-08-21,ORD-11620,Artisanal Dark Chocolate Pack,Grocery,Chennai Central,South,6.0,650,380,102
2025-08-21,ORD-11621,Levi's Denim Jacket,Apparel,Kolkata South,East,1.0,4500,2400,78
2025-08-21,ORD-11622,Puma Track Pants,Apparel,Bengaluru East,South,3.0,2200,1100,61
2025-08-22,ORD-11623,iPhone 15 Pro,Electronics,Bengaluru East,South,1.0,120000,95000,64
2025-08-22,ORD-11624,iPad Air 5th Gen,Electronics,Mumbai West,West,2.0,55000,42000,47
2025-08-22,ORD-11625,Samsung Galaxy S24,Electronics,Kolkata South,East,2.0,90000,72000,75
2025-08-22,ORD-11626,Dyson Airwrap Styler,Home & Kitchen,Bengaluru East,South,4.0,49000,38000,1
2025-08-22,ORD-11627,Zara Cotton Shirt,Apparel,Mumbai West,West,2.0,2500,1200,92
2025-08-22,ORD-11628,Standing Desk Dual Motor,Furniture,Mumbai West,West,3.0,32000,21000,138
2025-08-22,ORD-11629,MacBook Air M3,Electronics,Bengaluru East,South,4.0,115000,90000,57
2025-08-23,ORD-11630,Imported Coffee Beans 500g,Grocery,Kolkata South,East,3.0,1200,750,138
2025-08-23,ORD-11631,Sony WH-1000XM5 Headphones,Electronics,Bengaluru East,South,1.0,28000,20000,91
2025-08-23,ORD-11632,Philips Air Fryer XL,Home & Kitchen,Kolkata South,East,2.0,12500,8500,80
2025-08-23,ORD-11633,Imported Coffee Beans 500g,Grocery,Delhi North,North,5.0,1200,750,111
2025-08-23,ORD-11634,Robot Vacuum Cleaner,Home & Kitchen,Chennai Central,South,3.0,29000,19000,49
2025-08-23,ORD-11635,Premium Basmati Rice 5kg,Grocery,Mumbai West,West,1.0,850,580,18
2025-08-23,ORD-11636,Nespresso Coffee Machine,Home & Kitchen,Bengaluru East,South,4.0,18500,12500,121
2025-08-23,ORD-11637,Artisanal Dark Chocolate Pack,Grocery,Bengaluru East,South,5.0,650,380,33
2025-08-23,ORD-11638,Organic Extra Virgin Olive Oil 1L,Grocery,Chennai Central,South,3.0,1400,950,64
2025-08-23,ORD-11639,Artisanal Dark Chocolate Pack,Grocery,Delhi North,North,6.0,650,380,29
2025-08-24,ORD-11640,Imported Coffee Beans 500g,Grocery,Mumbai West,West,8.0,1200,750,23
2025-08-24,ORD-11641,Ergonomic Office Chair,Furniture,Mumbai West,West,3.0,18000,11000,131
2025-08-24,ORD-11642,Adidas Ultraboost,Apparel,Mumbai West,West,2.0,12000,7000,18
2025-08-24,ORD-11643,iPhone 15 Pro,Electronics,Bengaluru East,South,4.0,120000,95000,35
2025-08-24,ORD-11644,Philips Air Fryer XL,Home & Kitchen,Bengaluru East,South,2.0,12500,8500,124
2025-08-24,ORD-11645,Minimalist Sofa 3-Seater,Furniture,Kolkata South,East,4.0,60000,40000,93
2025-08-24,ORD-11646,Organic Extra Virgin Olive Oil 1L,Grocery,Chennai Central,South,3.0,1400,950,83
2025-08-24,ORD-11647,Zara Cotton Shirt,Apparel,Delhi North,North,1.0,2500,1200,58
2025-08-24,ORD-11648,Organic Extra Virgin Olive Oil 1L,Grocery,Chennai Central,South,7.0,1400,950,149
2025-08-24,ORD-11649,Artisanal Dark Chocolate Pack,Grocery,Bengaluru East,South,3.0,650,380,110
2025-08-24,ORD-11650,Levi's Denim Jacket,Apparel,Mumbai West,West,4.0,4500,2400,61
2025-08-24,ORD-11651,Dyson Airwrap Styler,Home & Kitchen,Bengaluru East,South,2.0,49000,38000,62
2025-08-25,ORD-11652,Adidas Ultraboost,Apparel,Bengaluru East,South,4.0,12000,7000,42
2025-08-25,ORD-11653,Nike Air Max Sneakers,Apparel,Delhi North,North,1.0,9500,5500,111
2025-08-25,ORD-11654,MacBook Air M3,Electronics,Chennai Central,South,3.0,115000,90000,22
2025-08-25,ORD-11655,Philips Air Fryer XL,Home & Kitchen,Bengaluru East,South,4.0,12500,8500,40
2025-08-25,ORD-11656,iPhone 15 Pro,Electronics,Delhi North,North,1.0,120000,95000,25
2025-08-26,ORD-11657,Puma Track Pants,Apparel,Chennai Central,South,4.0,2200,1100,148
2025-08-26,ORD-11658,Standing Desk Dual Motor,Furniture,Bengaluru East,South,3.0,32000,21000,124
2025-08-26,ORD-11659,Minimalist Sofa 3-Seater,Furniture,Delhi North,North,3.0,60000,40000,76
2025-08-26,ORD-11660,Standing Desk Dual Motor,Furniture,Bengaluru East,South,1.0,32000,21000,106
2025-08-27,ORD-11661,iPhone 15 Pro,Electronics,Bengaluru East,South,4.0,120000,95000,50
2025-08-27,ORD-11662,Dell XPS 15,Electronics,Chennai Central,South,3.0,140000,110000,78
2025-08-27,ORD-11663,Standing Desk Dual Motor,Furniture,Kolkata South,East,4.0,32000,21000,146
2025-08-27,ORD-11664,Premium Basmati Rice 5kg,Grocery,Chennai Central,South,1.0,850,580,107
2025-08-27,ORD-11665,iPad Air 5th Gen,Electronics,Delhi North,North,4.0,55000,42000,74
2025-08-27,ORD-11666,Robot Vacuum Cleaner,Home & Kitchen,Bengaluru East,South,1.0,29000,19000,104
2025-08-28,ORD-11667,Organic Extra Virgin Olive Oil 1L,Grocery,Bengaluru East,South,4.0,1400,950,51
2025-08-28,ORD-11668,Dyson Airwrap Styler,Home & Kitchen,Mumbai West,West,4.0,49000,38000,37
2025-08-28,ORD-11669,Robot Vacuum Cleaner,Home & Kitchen,Mumbai West,West,4.0,29000,19000,44
2025-08-28,ORD-11670,Premium Basmati Rice 5kg,Grocery,Mumbai West,West,3.0,850,580,37
2025-08-28,ORD-11671,Sony WH-1000XM5 Headphones,Electronics,Chennai Central,South,2.0,28000,20000,98
2025-08-28,ORD-11672,Artisanal Dark Chocolate Pack,Grocery,Mumbai West,West,8.0,650,380,46
2025-08-28,ORD-11673,Puma Track Pants,Apparel,Bengaluru East,South,1.0,2200,1100,100
2025-08-29,ORD-11674,Dyson Airwrap Styler,Home & Kitchen,Delhi North,North,4.0,49000,38000,112
2025-08-29,ORD-11675,Robot Vacuum Cleaner,Home & Kitchen,Mumbai West,West,2.0,29000,19000,81
2025-08-29,ORD-11676,MacBook Air M3,Electronics,Chennai Central,South,1.0,115000,90000,37
2025-08-29,ORD-11677,Solid Wood Dining Table,Furniture,Chennai Central,South,3.0,45000,30000,47
2025-08-29,ORD-11678,Standing Desk Dual Motor,Furniture,Kolkata South,East,1.0,32000,21000,94
2025-08-30,ORD-11679,Philips Air Fryer XL,Home & Kitchen,Bengaluru East,South,4.0,12500,8500,96
2025-08-30,ORD-11680,Solid Wood Dining Table,Furniture,Kolkata South,East,2.0,45000,30000,42
2025-08-30,ORD-11681,Organic Extra Virgin Olive Oil 1L,Grocery,Kolkata South,East,6.0,1400,950,52
2025-08-30,ORD-11682,Solid Wood Dining Table,Furniture,Bengaluru East,South,4.0,45000,30000,52
2025-08-30,ORD-11683,Nespresso Coffee Machine,Home & Kitchen,Mumbai West,West,1.0,18500,12500,96
2025-08-30,ORD-11684,Ergonomic Office Chair,Furniture,Delhi North,North,4.0,18000,11000,70
2025-08-30,ORD-11685,Artisanal Dark Chocolate Pack,Grocery,Bengaluru East,South,6.0,650,380,54
2025-08-31,ORD-11686,Levi's Denim Jacket,Apparel,Chennai Central,South,2.0,4500,2400,139
2025-08-31,ORD-11687,Artisanal Dark Chocolate Pack,Grocery,Mumbai West,West,7.0,650,380,101
2025-08-31,ORD-11688,Imported Coffee Beans 500g,Grocery,Delhi North,North,7.0,1200,750,33
2025-08-31,ORD-11689,Nespresso Coffee Machine,Home & Kitchen,Delhi North,North,2.0,18500,12500,115
2025-08-31,ORD-11690,Samsung Galaxy S24,Electronics,Delhi North,North,1.0,90000,72000,92
2025-08-31,ORD-11691,Premium Basmati Rice 5kg,Grocery,Kolkata South,East,8.0,850,580,138
2025-08-31,ORD-11692,Solid Wood Dining Table,Furniture,Mumbai West,West,2.0,45000,30000,65
2025-08-31,ORD-11693,MacBook Air M3,Electronics,Kolkata South,East,1.0,115000,90000,52
2025-08-31,ORD-11694,Imported Coffee Beans 500g,Grocery,Mumbai West,West,2.0,1200,750,106
2025-08-31,ORD-11695,Premium Basmati Rice 5kg,Grocery,Chennai Central,South,6.0,850,580,126
2025-08-31,ORD-11696,Zara Cotton Shirt,Apparel,Mumbai West,West,1.0,2500,1200,45
2025-08-31,ORD-11697,Zara Cotton Shirt,Apparel,Bengaluru East,South,3.0,2500,1200,59
2025-09-01,ORD-11698,Sony WH-1000XM5 Headphones,Electronics,Bengaluru East,South,3.0,28000,20000,128
2025-09-01,ORD-11699,Ergonomic Office Chair,Furniture,Chennai Central,South,1.0,18000,11000,36
2025-09-01,ORD-11700,Sony WH-1000XM5 Headphones,Electronics,Kolkata South,East,2.0,28000,20000,20
2025-09-01,ORD-11701,Robot Vacuum Cleaner,Home & Kitchen,Delhi North,North,1.0,29000,19000,61
2025-09-01,ORD-11702,Imported Coffee Beans 500g,Grocery,Bengaluru East,South,3.0,1200,750,40
2025-09-01,ORD-11703,Ergonomic Office Chair,Furniture,Kolkata South,East,2.0,18000,11000,118
2025-09-01,ORD-11704,Sony WH-1000XM5 Headphones,Electronics,Kolkata South,East,4.0,28000,20000,31
2025-09-02,ORD-11705,Dyson Airwrap Styler,Home & Kitchen,Mumbai West,West,1.0,49000,38000,61
2025-09-02,ORD-11706,Nike Air Max Sneakers,Apparel,Kolkata South,East,4.0,9500,5500,95
2025-09-02,ORD-11707,iPhone 15 Pro,Electronics,Mumbai West,West,2.0,120000,95000,56
2025-09-02,ORD-11708,Dell XPS 15,Electronics,Delhi North,North,1.0,140000,110000,36
2025-09-02,ORD-11709,Dell XPS 15,Electronics,Delhi North,North,3.0,140000,110000,58
2025-09-02,ORD-11710,Organic Extra Virgin Olive Oil 1L,Grocery,Mumbai West,West,1.0,1400,950,147
2025-09-02,ORD-11711,Standing Desk Dual Motor,Furniture,Mumbai West,West,4.0,32000,21000,95
2025-09-02,ORD-11712,Nespresso Coffee Machine,Home & Kitchen,Kolkata South,East,2.0,18500,12500,40
2025-09-03,ORD-11713,Nike Air Max Sneakers,Apparel,Mumbai West,West,2.0,9500,5500,91
2025-09-03,ORD-11714,Levi's Denim Jacket,Apparel,Kolkata South,East,2.0,4500,2400,106
2025-09-03,ORD-11715,Solid Wood Dining Table,Furniture,Kolkata South,East,4.0,45000,30000,34
2025-09-03,ORD-11716,Nespresso Coffee Machine,Home & Kitchen,Delhi North,North,4.0,18500,12500,56
2025-09-04,ORD-11717,Organic Extra Virgin Olive Oil 1L,Grocery,Delhi North,North,3.0,1400,950,67
2025-09-04,ORD-11718,iPad Air 5th Gen,Electronics,Delhi North,North,2.0,55000,42000,110
2025-09-04,ORD-11719,Philips Air Fryer XL,Home & Kitchen,Bengaluru East,South,2.0,12500,8500,95
2025-09-04,ORD-11720,Imported Coffee Beans 500g,Grocery,Chennai Central,South,2.0,1200,750,84
2025-09-04,ORD-11721,Dell XPS 15,Electronics,Chennai Central,South,4.0,140000,110000,31
2025-09-04,ORD-11722,Ergonomic Office Chair,Furniture,Delhi North,North,3.0,18000,11000,84
2025-09-04,ORD-11723,Levi's Denim Jacket,Apparel,Delhi North,North,1.0,4500,2400,40
2025-09-05,ORD-11724,Zara Cotton Shirt,Apparel,Chennai Central,South,1.0,2500,1200,59
2025-09-05,ORD-11725,Nespresso Coffee Machine,Home & Kitchen,Kolkata South,East,4.0,18500,12500,39
2025-09-05,ORD-11726,Nespresso Coffee Machine,Home & Kitchen,Kolkata South,East,3.0,18500,12500,84
2025-09-05,ORD-11727,Dyson Airwrap Styler,Home & Kitchen,Chennai Central,South,2.0,49000,38000,96
2025-09-05,ORD-11728,Premium Basmati Rice 5kg,Grocery,Delhi North,North,8.0,850,580,47
2025-09-05,ORD-11729,Ergonomic Office Chair,Furniture,Kolkata South,East,2.0,18000,11000,47
2025-09-05,ORD-11730,Zara Cotton Shirt,Apparel,Kolkata South,East,3.0,2500,1200,28
2025-09-06,ORD-11731,Solid Wood Dining Table,Furniture,Kolkata South,East,4.0,45000,30000,132
2025-09-06,ORD-11732,Zara Cotton Shirt,Apparel,Delhi North,North,4.0,2500,1200,143
2025-09-06,ORD-11733,Minimalist Sofa 3-Seater,Furniture,Bengaluru East,South,2.0,60000,40000,93
2025-09-06,ORD-11734,MacBook Air M3,Electronics,Bengaluru East,South,3.0,115000,90000,38
2025-09-06,ORD-11735,iPhone 15 Pro,Electronics,Mumbai West,West,1.0,120000,95000,57
2025-09-06,ORD-11736,Dyson Airwrap Styler,Home & Kitchen,Chennai Central,South,3.0,49000,38000,141
2025-09-06,ORD-11737,Sony WH-1000XM5 Headphones,Electronics,Kolkata South,East,2.0,28000,20000,137
2025-09-06,ORD-11738,Organic Extra Virgin Olive Oil 1L,Grocery,Bengaluru East,South,4.0,1400,950,16
2025-09-06,ORD-11739,Artisanal Dark Chocolate Pack,Grocery,Mumbai West,West,8.0,650,380,58
2025-09-06,ORD-11740,Philips Air Fryer XL,Home & Kitchen,Mumbai West,West,1.0,12500,8500,108
2025-09-06,ORD-11741,Puma Track Pants,Apparel,Delhi North,North,1.0,2200,1100,123
2025-09-06,ORD-11742,Imported Coffee Beans 500g,Grocery,Mumbai West,West,2.0,1200,750,101
2025-09-07,ORD-11743,Puma Track Pants,Apparel,Chennai Central,South,3.0,2200,1100,91
2025-09-07,ORD-11744,Artisanal Dark Chocolate Pack,Grocery,Delhi North,North,1.0,650,380,115
2025-09-07,ORD-11745,Adidas Ultraboost,Apparel,Kolkata South,East,1.0,12000,7000,133
2025-09-07,ORD-11746,Robot Vacuum Cleaner,Home & Kitchen,Chennai Central,South,3.0,29000,19000,16
2025-09-07,ORD-11747,Robot Vacuum Cleaner,Home & Kitchen,Delhi North,North,3.0,29000,19000,105
2025-09-07,ORD-11748,iPhone 15 Pro,Electronics,Delhi North,North,2.0,120000,95000,117
2025-09-07,ORD-11749,Ergonomic Office Chair,Furniture,Chennai Central,South,4.0,18000,11000,140
2025-09-07,ORD-11750,Nike Air Max Sneakers,Apparel,Kolkata South,East,2.0,9500,5500,120
2025-09-07,ORD-11751,Sony WH-1000XM5 Headphones,Electronics,Chennai Central,South,2.0,28000,20000,79
2025-09-07,ORD-11752,Zara Cotton Shirt,Apparel,Bengaluru East,South,3.0,2500,1200,91
2025-09-07,ORD-11753,Standing Desk Dual Motor,Furniture,Mumbai West,West,3.0,32000,21000,42
2025-09-07,ORD-11754,Imported Coffee Beans 500g,Grocery,Mumbai West,West,6.0,1200,750,126
2025-09-08,ORD-11755,Solid Wood Dining Table,Furniture,Chennai Central,South,2.0,45000,30000,87
2025-09-08,ORD-11756,Samsung Galaxy S24,Electronics,Bengaluru East,South,4.0,90000,72000,99
2025-09-08,ORD-11757,Samsung Galaxy S24,Electronics,Mumbai West,West,4.0,90000,72000,83
2025-09-08,ORD-11758,Sony WH-1000XM5 Headphones,Electronics,Bengaluru East,South,4.0,28000,20000,47
2025-09-09,ORD-11759,Imported Coffee Beans 500g,Grocery,Mumbai West,West,2.0,1200,750,20
2025-09-09,ORD-11760,Levi's Denim Jacket,Apparel,Delhi North,North,1.0,4500,2400,75
2025-09-09,ORD-11761,iPad Air 5th Gen,Electronics,Delhi North,North,4.0,55000,42000,17
2025-09-09,ORD-11762,Imported Coffee Beans 500g,Grocery,Delhi North,North,8.0,1200,750,36
2025-09-09,ORD-11763,Premium Basmati Rice 5kg,Grocery,Kolkata South,East,3.0,850,580,78
2025-09-09,ORD-11764,Ergonomic Office Chair,Furniture,Delhi North,North,2.0,18000,11000,124
2025-09-10,ORD-11765,Organic Extra Virgin Olive Oil 1L,Grocery,Kolkata South,East,4.0,1400,950,53
2025-09-10,ORD-11766,Nike Air Max Sneakers,Apparel,Mumbai West,West,4.0,9500,5500,24
2025-09-10,ORD-11767,Solid Wood Dining Table,Furniture,Mumbai West,West,4.0,45000,30000,19
2025-09-10,ORD-11768,Philips Air Fryer XL,Home & Kitchen,Chennai Central,South,1.0,12500,8500,112
2025-09-10,ORD-11769,Artisanal Dark Chocolate Pack,Grocery,Mumbai West,West,6.0,650,380,124
2025-09-11,ORD-11770,Dell XPS 15,Electronics,Bengaluru East,South,1.0,140000,110000,92
2025-09-11,ORD-11771,MacBook Air M3,Electronics,Delhi North,North,3.0,115000,90000,104
2025-09-11,ORD-11772,Premium Basmati Rice 5kg,Grocery,Delhi North,North,3.0,850,580,25
2025-09-11,ORD-11773,iPhone 15 Pro,Electronics,Delhi North,North,2.0,120000,95000,88
2025-09-11,ORD-11774,Artisanal Dark Chocolate Pack,Grocery,Kolkata South,East,7.0,650,380,62
2025-09-11,ORD-11775,Standing Desk Dual Motor,Furniture,Delhi North,North,3.0,32000,21000,92
2025-09-11,ORD-11776,iPhone 15 Pro,Electronics,Chennai Central,South,2.0,120000,95000,99
2025-09-12,ORD-11777,Minimalist Sofa 3-Seater,Furniture,Mumbai West,West,3.0,60000,40000,68
2025-09-12,ORD-11778,Robot Vacuum Cleaner,Home & Kitchen,Chennai Central,South,1.0,29000,19000,48
2025-09-12,ORD-11779,Dyson Airwrap Styler,Home & Kitchen,Chennai Central,South,2.0,49000,38000,64
2025-09-12,ORD-11780,iPhone 15 Pro,Electronics,Kolkata South,East,3.0,120000,95000,92
2025-09-12,ORD-11781,Premium Basmati Rice 5kg,Grocery,Kolkata South,East,1.0,850,580,47
2025-09-12,ORD-11782,Zara Cotton Shirt,Apparel,Kolkata South,East,3.0,2500,1200,103
2025-09-13,ORD-11783,Organic Extra Virgin Olive Oil 1L,Grocery,Bengaluru East,South,8.0,1400,950,122
2025-09-13,ORD-11784,Dyson Airwrap Styler,Home & Kitchen,Mumbai West,West,3.0,49000,38000,48
2025-09-13,ORD-11785,Dyson Airwrap Styler,Home & Kitchen,Mumbai West,West,4.0,49000,38000,141
2025-09-13,ORD-11786,Dyson Airwrap Styler,Home & Kitchen,Mumbai West,West,4.0,49000,38000,145
2025-09-13,ORD-11787,Imported Coffee Beans 500g,Grocery,Kolkata South,East,4.0,1200,750,62
2025-09-13,ORD-11788,Samsung Galaxy S24,Electronics,Kolkata South,East,2.0,90000,72000,17
2025-09-13,ORD-11789,Robot Vacuum Cleaner,Home & Kitchen,Kolkata South,East,3.0,29000,19000,92
2025-09-13,ORD-11790,Adidas Ultraboost,Apparel,Delhi North,North,1.0,12000,7000,58
2025-09-13,ORD-11791,Nike Air Max Sneakers,Apparel,Kolkata South,East,2.0,9500,5500,89
2025-09-14,ORD-11792,Adidas Ultraboost,Apparel,Mumbai West,West,3.0,12000,7000,28
2025-09-14,ORD-11793,Levi's Denim Jacket,Apparel,Kolkata South,East,1.0,4500,2400,15
2025-09-14,ORD-11794,Minimalist Sofa 3-Seater,Furniture,Delhi North,North,1.0,60000,40000,82
2025-09-14,ORD-11795,Zara Cotton Shirt,Apparel,Kolkata South,East,3.0,2500,1200,98
2025-09-14,ORD-11796,iPad Air 5th Gen,Electronics,Chennai Central,South,3.0,55000,42000,71
2025-09-14,ORD-11797,Solid Wood Dining Table,Furniture,Delhi North,North,1.0,45000,30000,42
2025-09-14,ORD-11798,Artisanal Dark Chocolate Pack,Grocery,Kolkata South,East,8.0,650,380,71
2025-09-15,ORD-11799,Solid Wood Dining Table,Furniture,Kolkata South,East,4.0,45000,30000,54
2025-09-15,ORD-11800,Premium Basmati Rice 5kg,Grocery,Bengaluru East,South,3.0,850,580,137
2025-09-15,ORD-11801,Sony WH-1000XM5 Headphones,Electronics,Mumbai West,West,4.0,28000,20000,62
2025-09-15,ORD-11802,Levi's Denim Jacket,Apparel,Kolkata South,East,4.0,4500,2400,61
2025-09-15,ORD-11803,Ergonomic Office Chair,Furniture,Delhi North,North,2.0,18000,11000,60
2025-09-15,ORD-11804,Premium Basmati Rice 5kg,Grocery,Chennai Central,South,2.0,850,580,124
2025-09-16,ORD-11805,Imported Coffee Beans 500g,Grocery,Chennai Central,South,1.0,1200,750,40
2025-09-16,ORD-11806,Imported Coffee Beans 500g,Grocery,Chennai Central,South,1.0,1200,750,26
2025-09-16,ORD-11807,Levi's Denim Jacket,Apparel,Chennai Central,South,3.0,4500,2400,51
2025-09-16,ORD-11808,Dyson Airwrap Styler,Home & Kitchen,Chennai Central,South,1.0,49000,38000,101
2025-09-16,ORD-11809,Samsung Galaxy S24,Electronics,Mumbai West,West,4.0,90000,72000,128
2025-09-17,ORD-11810,Minimalist Sofa 3-Seater,Furniture,Bengaluru East,South,2.0,60000,40000,77
2025-09-17,ORD-11811,Dell XPS 15,Electronics,Delhi North,North,1.0,140000,110000,20
2025-09-17,ORD-11812,iPhone 15 Pro,Electronics,Kolkata South,East,3.0,120000,95000,41
2025-09-17,ORD-11813,Robot Vacuum Cleaner,Home & Kitchen,Mumbai West,West,1.0,29000,19000,72
2025-09-17,ORD-11814,Samsung Galaxy S24,Electronics,Bengaluru East,South,4.0,90000,72000,52
2025-09-18,ORD-11815,Solid Wood Dining Table,Furniture,Bengaluru East,South,1.0,45000,30000,140
2025-09-18,ORD-11816,Nike Air Max Sneakers,Apparel,Mumbai West,West,1.0,9500,5500,87
2025-09-18,ORD-11817,Ergonomic Office Chair,Furniture,Kolkata South,East,3.0,18000,11000,45
2025-09-18,ORD-11818,Ergonomic Office Chair,Furniture,Chennai Central,South,2.0,18000,11000,60
2025-09-18,ORD-11819,Artisanal Dark Chocolate Pack,Grocery,Kolkata South,East,7.0,650,380,53
2025-09-18,ORD-11820,Minimalist Sofa 3-Seater,Furniture,Delhi North,North,1.0,60000,40000,84
2025-09-19,ORD-11821,Minimalist Sofa 3-Seater,Furniture,Chennai Central,South,1.0,60000,40000,53
2025-09-19,ORD-11822,Adidas Ultraboost,Apparel,Mumbai West,West,4.0,12000,7000,129
2025-09-19,ORD-11823,Organic Extra Virgin Olive Oil 1L,Grocery,Chennai Central,South,5.0,1400,950,52
2025-09-19,ORD-11824,MacBook Air M3,Electronics,Mumbai West,West,2.0,115000,90000,113
2025-09-19,ORD-11825,Minimalist Sofa 3-Seater,Furniture,Bengaluru East,South,4.0,60000,40000,138
2025-09-19,ORD-11826,Artisanal Dark Chocolate Pack,Grocery,Mumbai West,West,7.0,650,380,122
2025-09-19,ORD-11827,Robot Vacuum Cleaner,Home & Kitchen,Kolkata South,East,4.0,29000,19000,73
2025-09-20,ORD-11828,Dell XPS 15,Electronics,Bengaluru East,South,2.0,140000,110000,37
2025-09-20,ORD-11829,Adidas Ultraboost,Apparel,Chennai Central,South,2.0,12000,7000,19
2025-09-20,ORD-11830,Standing Desk Dual Motor,Furniture,Mumbai West,West,1.0,32000,21000,30
2025-09-20,ORD-11831,Minimalist Sofa 3-Seater,Furniture,Mumbai West,West,3.0,60000,40000,132
2025-09-20,ORD-11832,Puma Track Pants,Apparel,Bengaluru East,South,2.0,2200,1100,68
2025-09-20,ORD-11833,Nike Air Max Sneakers,Apparel,Mumbai West,West,1.0,9500,5500,51
2025-09-20,ORD-11834,Organic Extra Virgin Olive Oil 1L,Grocery,Bengaluru East,South,1.0,1400,950,42
2025-09-20,ORD-11835,Dyson Airwrap Styler,Home & Kitchen,Bengaluru East,South,2.0,49000,38000,1
2025-09-20,ORD-11836,Samsung Galaxy S24,Electronics,Chennai Central,South,1.0,90000,72000,121
2025-09-20,ORD-11837,Levi's Denim Jacket,Apparel,Bengaluru East,South,2.0,4500,2400,150
2025-09-21,ORD-11838,Standing Desk Dual Motor,Furniture,Bengaluru East,South,3.0,32000,21000,128
2025-09-21,ORD-11839,MacBook Air M3,Electronics,Chennai Central,South,2.0,115000,90000,30
2025-09-21,ORD-11840,Dell XPS 15,Electronics,Mumbai West,West,2.0,140000,110000,17
2025-09-21,ORD-11841,Imported Coffee Beans 500g,Grocery,Bengaluru East,South,5.0,1200,750,73
2025-09-21,ORD-11842,Premium Basmati Rice 5kg,Grocery,Delhi North,North,7.0,850,580,47
2025-09-21,ORD-11843,Zara Cotton Shirt,Apparel,Kolkata South,East,1.0,2500,1200,71
2025-09-21,ORD-11844,Premium Basmati Rice 5kg,Grocery,Kolkata South,East,8.0,850,580,137
2025-09-21,ORD-11845,Standing Desk Dual Motor,Furniture,Bengaluru East,South,2.0,32000,21000,28
2025-09-21,ORD-11846,Standing Desk Dual Motor,Furniture,Mumbai West,West,3.0,32000,21000,42
2025-09-21,ORD-11847,iPhone 15 Pro,Electronics,Delhi North,North,3.0,120000,95000,22
2025-09-21,ORD-11848,Adidas Ultraboost,Apparel,Mumbai West,West,1.0,12000,7000,31
2025-09-21,ORD-11849,Puma Track Pants,Apparel,Chennai Central,South,3.0,2200,1100,63
2025-09-22,ORD-11850,Nike Air Max Sneakers,Apparel,Mumbai West,West,3.0,9500,5500,36
2025-09-22,ORD-11851,Dyson Airwrap Styler,Home & Kitchen,Kolkata South,East,4.0,49000,38000,0
2025-09-22,ORD-11852,Ergonomic Office Chair,Furniture,Delhi North,North,3.0,18000,11000,116
2025-09-22,ORD-11853,Philips Air Fryer XL,Home & Kitchen,Delhi North,North,4.0,12500,8500,106
2025-09-22,ORD-11854,Nike Air Max Sneakers,Apparel,Delhi North,North,4.0,9500,5500,143
2025-09-22,ORD-11855,Dell XPS 15,Electronics,Mumbai West,West,1.0,140000,110000,112
2025-09-22,ORD-11856,Organic Extra Virgin Olive Oil 1L,Grocery,Delhi North,North,3.0,1400,950,133
2025-09-22,ORD-11857,iPad Air 5th Gen,Electronics,Chennai Central,South,2.0,55000,42000,70
2025-09-23,ORD-11858,Puma Track Pants,Apparel,Kolkata South,East,3.0,2200,1100,129
2025-09-23,ORD-11859,Adidas Ultraboost,Apparel,Delhi North,North,3.0,12000,7000,125
2025-09-23,ORD-11860,iPad Air 5th Gen,Electronics,Bengaluru East,South,2.0,55000,42000,68
2025-09-23,ORD-11861,Dyson Airwrap Styler,Home & Kitchen,Mumbai West,West,4.0,49000,38000,39
2025-09-23,ORD-11862,Adidas Ultraboost,Apparel,Kolkata South,East,1.0,12000,7000,142
2025-09-24,ORD-11863,Artisanal Dark Chocolate Pack,Grocery,Mumbai West,West,3.0,650,380,32
2025-09-24,ORD-11864,Minimalist Sofa 3-Seater,Furniture,Delhi North,North,1.0,60000,40000,33
2025-09-24,ORD-11865,Zara Cotton Shirt,Apparel,Delhi North,North,4.0,2500,1200,80
2025-09-24,ORD-11866,Premium Basmati Rice 5kg,Grocery,Chennai Central,South,1.0,850,580,108
2025-09-25,ORD-11867,Imported Coffee Beans 500g,Grocery,Kolkata South,East,8.0,1200,750,108
2025-09-25,ORD-11868,Nespresso Coffee Machine,Home & Kitchen,Delhi North,North,1.0,18500,12500,120
2025-09-25,ORD-11869,Robot Vacuum Cleaner,Home & Kitchen,Delhi North,North,1.0,29000,19000,29
2025-09-25,ORD-11870,Puma Track Pants,Apparel,Chennai Central,South,2.0,2200,1100,41
2025-09-25,ORD-11871,Standing Desk Dual Motor,Furniture,Mumbai West,West,4.0,32000,21000,33
2025-09-25,ORD-11872,Zara Cotton Shirt,Apparel,Bengaluru East,South,1.0,2500,1200,104
2025-09-26,ORD-11873,Imported Coffee Beans 500g,Grocery,Chennai Central,South,3.0,1200,750,42
2025-09-26,ORD-11874,Imported Coffee Beans 500g,Grocery,Mumbai West,West,6.0,1200,750,31
2025-09-26,ORD-11875,Minimalist Sofa 3-Seater,Furniture,Kolkata South,East,4.0,60000,40000,69
2025-09-26,ORD-11876,Organic Extra Virgin Olive Oil 1L,Grocery,Delhi North,North,1.0,1400,950,54
2025-09-26,ORD-11877,Premium Basmati Rice 5kg,Grocery,Mumbai West,West,1.0,850,580,112
2025-09-26,ORD-11878,MacBook Air M3,Electronics,Bengaluru East,South,4.0,115000,90000,69
2025-09-26,ORD-11879,Samsung Galaxy S24,Electronics,Chennai Central,South,4.0,90000,72000,84
2025-09-27,ORD-11880,Nike Air Max Sneakers,Apparel,Mumbai West,West,1.0,9500,5500,85
2025-09-27,ORD-11881,Organic Extra Virgin Olive Oil 1L,Grocery,Delhi North,North,7.0,1400,950,149
2025-09-27,ORD-11882,Adidas Ultraboost,Apparel,Mumbai West,West,1.0,12000,7000,38
2025-09-27,ORD-11883,Artisanal Dark Chocolate Pack,Grocery,Delhi North,North,4.0,650,380,104
2025-09-27,ORD-11884,Imported Coffee Beans 500g,Grocery,Bengaluru East,South,7.0,1200,750,105
2025-09-27,ORD-11885,Robot Vacuum Cleaner,Home & Kitchen,Chennai Central,South,2.0,29000,19000,34
2025-09-27,ORD-11886,Philips Air Fryer XL,Home & Kitchen,Delhi North,North,3.0,12500,8500,18
2025-09-27,ORD-11887,Zara Cotton Shirt,Apparel,Mumbai West,West,4.0,2500,1200,96
2025-09-27,ORD-11888,iPad Air 5th Gen,Electronics,Bengaluru East,South,3.0,55000,42000,148
2025-09-28,ORD-11889,Sony WH-1000XM5 Headphones,Electronics,Mumbai West,West,4.0,28000,20000,39
2025-09-28,ORD-11890,Samsung Galaxy S24,Electronics,Mumbai West,West,4.0,90000,72000,57
2025-09-28,ORD-11891,Robot Vacuum Cleaner,Home & Kitchen,Mumbai West,West,3.0,29000,19000,68
2025-09-28,ORD-11892,Puma Track Pants,Apparel,Chennai Central,South,3.0,2200,1100,108
2025-09-28,ORD-11893,MacBook Air M3,Electronics,Delhi North,North,1.0,115000,90000,142
2025-09-28,ORD-11894,Imported Coffee Beans 500g,Grocery,Bengaluru East,South,6.0,1200,750,124
2025-09-28,ORD-11895,Nespresso Coffee Machine,Home & Kitchen,Chennai Central,South,2.0,18500,12500,132
2025-09-28,ORD-11896,Artisanal Dark Chocolate Pack,Grocery,Mumbai West,West,7.0,650,380,112
2025-09-28,ORD-11897,Standing Desk Dual Motor,Furniture,Delhi North,North,1.0,32000,21000,37
2025-09-28,ORD-11898,iPhone 15 Pro,Electronics,Chennai Central,South,4.0,120000,95000,41
2025-09-28,ORD-11899,Organic Extra Virgin Olive Oil 1L,Grocery,Bengaluru East,South,5.0,1400,950,122
2025-09-28,ORD-11900,Levi's Denim Jacket,Apparel,Bengaluru East,South,4.0,4500,2400,44
2025-09-29,ORD-11901,Organic Extra Virgin Olive Oil 1L,Grocery,Delhi North,North,7.0,1400,950,116
2025-09-29,ORD-11902,MacBook Air M3,Electronics,Mumbai West,West,3.0,115000,90000,83
2025-09-29,ORD-11903,Minimalist Sofa 3-Seater,Furniture,Bengaluru East,South,2.0,60000,40000,16
2025-09-29,ORD-11904,Organic Extra Virgin Olive Oil 1L,Grocery,Chennai Central,South,3.0,1400,950,110
2025-09-29,ORD-11905,Nespresso Coffee Machine,Home & Kitchen,Delhi North,North,2.0,18500,12500,125
2025-09-30,ORD-11906,Robot Vacuum Cleaner,Home & Kitchen,Mumbai West,West,4.0,29000,19000,28
2025-09-30,ORD-11907,Robot Vacuum Cleaner,Home & Kitchen,Mumbai West,West,4.0,29000,19000,59
2025-09-30,ORD-11908,Artisanal Dark Chocolate Pack,Grocery,Kolkata South,East,7.0,650,380,74
2025-09-30,ORD-11909,iPad Air 5th Gen,Electronics,Mumbai West,West,1.0,55000,42000,115
2025-09-30,ORD-11910,Solid Wood Dining Table,Furniture,Delhi North,North,2.0,45000,30000,38
2025-10-01,ORD-11911,Sony WH-1000XM5 Headphones,Electronics,Chennai Central,South,2.0,28000,20000,22
2025-10-01,ORD-11912,Dyson Airwrap Styler,Home & Kitchen,Kolkata South,East,4.0,49000,38000,21
2025-10-01,ORD-11913,Zara Cotton Shirt,Apparel,Delhi North,North,2.0,2500,1200,76
2025-10-01,ORD-11914,Adidas Ultraboost,Apparel,Mumbai West,West,2.0,12000,7000,111
2025-10-02,ORD-11915,MacBook Air M3,Electronics,Chennai Central,South,2.0,115000,90000,20
2025-10-02,ORD-11916,Dyson Airwrap Styler,Home & Kitchen,Chennai Central,South,4.0,49000,38000,2
2025-10-02,ORD-11917,Solid Wood Dining Table,Furniture,Chennai Central,South,1.0,45000,30000,141
2025-10-02,ORD-11918,Solid Wood Dining Table,Furniture,Bengaluru East,South,1.0,45000,30000,140
2025-10-02,ORD-11919,Sony WH-1000XM5 Headphones,Electronics,Chennai Central,South,4.0,28000,20000,34
2025-10-02,ORD-11920,Zara Cotton Shirt,Apparel,Bengaluru East,South,3.0,2500,1200,130
2025-10-03,ORD-11921,Adidas Ultraboost,Apparel,Chennai Central,South,2.0,12000,7000,23
2025-10-03,ORD-11922,MacBook Air M3,Electronics,Delhi North,North,4.0,115000,90000,16
2025-10-03,ORD-11923,Puma Track Pants,Apparel,Delhi North,North,1.0,2200,1100,64
2025-10-03,ORD-11924,Dyson Airwrap Styler,Home & Kitchen,Kolkata South,East,1.0,49000,38000,147
2025-10-03,ORD-11925,Levi's Denim Jacket,Apparel,Delhi North,North,1.0,4500,2400,70
2025-10-04,ORD-11926,Solid Wood Dining Table,Furniture,Mumbai West,West,1.0,45000,30000,47
2025-10-04,ORD-11927,Minimalist Sofa 3-Seater,Furniture,Bengaluru East,South,2.0,60000,40000,38
2025-10-04,ORD-11928,Minimalist Sofa 3-Seater,Furniture,Bengaluru East,South,4.0,60000,40000,126
2025-10-04,ORD-11929,Robot Vacuum Cleaner,Home & Kitchen,Mumbai West,West,3.0,29000,19000,59
2025-10-04,ORD-11930,Adidas Ultraboost,Apparel,Bengaluru East,South,1.0,12000,7000,94
2025-10-04,ORD-11931,Levi's Denim Jacket,Apparel,Bengaluru East,South,4.0,4500,2400,129
2025-10-04,ORD-11932,Artisanal Dark Chocolate Pack,Grocery,Delhi North,North,7.0,650,380,124
2025-10-05,ORD-11933,Nespresso Coffee Machine,Home & Kitchen,Delhi North,North,1.0,18500,12500,130
2025-10-05,ORD-11934,Nike Air Max Sneakers,Apparel,Kolkata South,East,3.0,9500,5500,119
2025-10-05,ORD-11935,Minimalist Sofa 3-Seater,Furniture,Bengaluru East,South,1.0,60000,40000,44
2025-10-05,ORD-11936,Adidas Ultraboost,Apparel,Bengaluru East,South,2.0,12000,7000,106
2025-10-05,ORD-11937,Nike Air Max Sneakers,Apparel,Mumbai West,West,3.0,9500,5500,110
2025-10-05,ORD-11938,Adidas Ultraboost,Apparel,Chennai Central,South,1.0,12000,7000,96
2025-10-05,ORD-11939,iPad Air 5th Gen,Electronics,Delhi North,North,2.0,55000,42000,134
2025-10-05,ORD-11940,Nespresso Coffee Machine,Home & Kitchen,Mumbai West,West,1.0,18500,12500,113
2025-10-06,ORD-11941,Philips Air Fryer XL,Home & Kitchen,Kolkata South,East,2.0,12500,8500,41
2025-10-06,ORD-11942,Nespresso Coffee Machine,Home & Kitchen,Kolkata South,East,1.0,18500,12500,122
2025-10-06,ORD-11943,Artisanal Dark Chocolate Pack,Grocery,Delhi North,North,4.0,650,380,27
2025-10-06,ORD-11944,Imported Coffee Beans 500g,Grocery,Chennai Central,South,7.0,1200,750,45
2025-10-06,ORD-11945,Sony WH-1000XM5 Headphones,Electronics,Mumbai West,West,3.0,28000,20000,113
2025-10-06,ORD-11946,Puma Track Pants,Apparel,Chennai Central,South,3.0,2200,1100,19
2025-10-07,ORD-11947,Sony WH-1000XM5 Headphones,Electronics,Delhi North,North,2.0,28000,20000,118
2025-10-07,ORD-11948,Dell XPS 15,Electronics,Kolkata South,East,1.0,140000,110000,101
2025-10-07,ORD-11949,iPhone 15 Pro,Electronics,Bengaluru East,South,1.0,120000,95000,121
2025-10-07,ORD-11950,Minimalist Sofa 3-Seater,Furniture,Delhi North,North,3.0,60000,40000,117
2025-10-07,ORD-11951,Dell XPS 15,Electronics,Delhi North,North,4.0,140000,110000,27
2025-10-07,ORD-11952,Artisanal Dark Chocolate Pack,Grocery,Bengaluru East,South,2.0,650,380,110
2025-10-07,ORD-11953,Dyson Airwrap Styler,Home & Kitchen,Chennai Central,South,2.0,49000,38000,27
2025-10-07,ORD-11954,Nike Air Max Sneakers,Apparel,Delhi North,North,4.0,9500,5500,72
2025-10-08,ORD-11955,Samsung Galaxy S24,Electronics,Delhi North,North,1.0,90000,72000,28
2025-10-08,ORD-11956,Ergonomic Office Chair,Furniture,Chennai Central,South,1.0,18000,11000,92
2025-10-08,ORD-11957,MacBook Air M3,Electronics,Delhi North,North,4.0,115000,90000,84
2025-10-08,ORD-11958,Levi's Denim Jacket,Apparel,Kolkata South,East,4.0,4500,2400,45
2025-10-08,ORD-11959,Adidas Ultraboost,Apparel,Mumbai West,West,4.0,12000,7000,129
2025-10-09,ORD-11960,Philips Air Fryer XL,Home & Kitchen,Kolkata South,East,4.0,12500,8500,140
2025-10-09,ORD-11961,Minimalist Sofa 3-Seater,Furniture,Bengaluru East,South,2.0,60000,40000,38
2025-10-09,ORD-11962,Minimalist Sofa 3-Seater,Furniture,Chennai Central,South,3.0,60000,40000,77
2025-10-09,ORD-11963,Nike Air Max Sneakers,Apparel,Chennai Central,South,4.0,9500,5500,30
2025-10-10,ORD-11964,iPad Air 5th Gen,Electronics,Mumbai West,West,4.0,55000,42000,113
2025-10-10,ORD-11965,Zara Cotton Shirt,Apparel,Chennai Central,South,3.0,2500,1200,68
2025-10-10,ORD-11966,Nespresso Coffee Machine,Home & Kitchen,Delhi North,North,4.0,18500,12500,54
2025-10-10,ORD-11967,Dyson Airwrap Styler,Home & Kitchen,Mumbai West,West,2.0,49000,38000,108
2025-10-10,ORD-11968,Premium Basmati Rice 5kg,Grocery,Bengaluru East,South,2.0,850,580,86
2025-10-11,ORD-11969,Adidas Ultraboost,Apparel,Kolkata South,East,1.0,12000,7000,52
2025-10-11,ORD-11970,Organic Extra Virgin Olive Oil 1L,Grocery,Chennai Central,South,1.0,1400,950,132
2025-10-11,ORD-11971,Adidas Ultraboost,Apparel,Chennai Central,South,4.0,12000,7000,150
2025-10-11,ORD-11972,Artisanal Dark Chocolate Pack,Grocery,Delhi North,North,2.0,650,380,105
2025-10-11,ORD-11973,Premium Basmati Rice 5kg,Grocery,Mumbai West,West,7.0,850,580,145
2025-10-11,ORD-11974,Ergonomic Office Chair,Furniture,Bengaluru East,South,3.0,18000,11000,109
2025-10-11,ORD-11975,iPhone 15 Pro,Electronics,Bengaluru East,South,4.0,120000,95000,64
2025-10-11,ORD-11976,Solid Wood Dining Table,Furniture,Bengaluru East,South,2.0,45000,30000,85
2025-10-11,ORD-11977,Robot Vacuum Cleaner,Home & Kitchen,Kolkata South,East,4.0,29000,19000,42
2025-10-11,ORD-11978,iPad Air 5th Gen,Electronics,Mumbai West,West,1.0,55000,42000,71
2025-10-12,ORD-11979,iPhone 15 Pro,Electronics,Kolkata South,East,3.0,120000,95000,76
2025-10-12,ORD-11980,Dell XPS 15,Electronics,Chennai Central,South,3.0,140000,110000,72
2025-10-12,ORD-11981,Robot Vacuum Cleaner,Home & Kitchen,Bengaluru East,South,4.0,29000,19000,40
2025-10-12,ORD-11982,Adidas Ultraboost,Apparel,Bengaluru East,South,2.0,12000,7000,58
2025-10-12,ORD-11983,Adidas Ultraboost,Apparel,Delhi North,North,3.0,12000,7000,15
2025-10-12,ORD-11984,Samsung Galaxy S24,Electronics,Kolkata South,East,4.0,90000,72000,93
2025-10-12,ORD-11985,Levi's Denim Jacket,Apparel,Delhi North,North,1.0,4500,2400,57
2025-10-13,ORD-11986,Standing Desk Dual Motor,Furniture,Mumbai West,West,1.0,32000,21000,136
2025-10-13,ORD-11987,Artisanal Dark Chocolate Pack,Grocery,Chennai Central,South,5.0,650,380,34
2025-10-13,ORD-11988,Nike Air Max Sneakers,Apparel,Kolkata South,East,3.0,9500,5500,136
2025-10-13,ORD-11989,Dyson Airwrap Styler,Home & Kitchen,Bengaluru East,South,2.0,49000,38000,0
2025-10-13,ORD-11990,Nespresso Coffee Machine,Home & Kitchen,Mumbai West,West,2.0,18500,12500,52
2025-10-14,ORD-11991,MacBook Air M3,Electronics,Delhi North,North,4.0,115000,90000,140
2025-10-14,ORD-11992,Minimalist Sofa 3-Seater,Furniture,Bengaluru East,South,3.0,60000,40000,108
2025-10-14,ORD-11993,Organic Extra Virgin Olive Oil 1L,Grocery,Delhi North,North,6.0,1400,950,147
2025-10-14,ORD-11994,Robot Vacuum Cleaner,Home & Kitchen,Chennai Central,South,3.0,29000,19000,147
2025-10-15,ORD-11995,Zara Cotton Shirt,Apparel,Mumbai West,West,2.0,2500,1200,106
2025-10-15,ORD-11996,Organic Extra Virgin Olive Oil 1L,Grocery,Mumbai West,West,6.0,1400,950,67
2025-10-15,ORD-11997,Samsung Galaxy S24,Electronics,Bengaluru East,South,1.0,90000,72000,85
2025-10-15,ORD-11998,Robot Vacuum Cleaner,Home & Kitchen,Kolkata South,East,2.0,29000,19000,82
2025-10-16,ORD-11999,Standing Desk Dual Motor,Furniture,Kolkata South,East,4.0,32000,21000,85
2025-10-16,ORD-12000,Solid Wood Dining Table,Furniture,Chennai Central,South,3.0,45000,30000,46
2025-10-16,ORD-12001,Imported Coffee Beans 500g,Grocery,Kolkata South,East,5.0,1200,750,43
2025-10-16,ORD-12002,Sony WH-1000XM5 Headphones,Electronics,Mumbai West,West,4.0,28000,20000,53
2025-10-16,ORD-12003,Nespresso Coffee Machine,Home & Kitchen,Kolkata South,East,2.0,18500,12500,92
2025-10-16,ORD-12004,Artisanal Dark Chocolate Pack,Grocery,Chennai Central,South,1.0,650,380,131
2025-10-17,ORD-12005,Adidas Ultraboost,Apparel,Kolkata South,East,1.0,12000,7000,28
2025-10-17,ORD-12006,Artisanal Dark Chocolate Pack,Grocery,Chennai Central,South,6.0,650,380,15
2025-10-17,ORD-12007,MacBook Air M3,Electronics,Mumbai West,West,3.0,115000,90000,87
2025-10-17,ORD-12008,Philips Air Fryer XL,Home & Kitchen,Chennai Central,South,3.0,12500,8500,51
2025-10-18,ORD-12009,Zara Cotton Shirt,Apparel,Kolkata South,East,1.0,2500,1200,89
2025-10-18,ORD-12010,Nike Air Max Sneakers,Apparel,Bengaluru East,South,3.0,9500,5500,78
2025-10-18,ORD-12011,Imported Coffee Beans 500g,Grocery,Bengaluru East,South,5.0,1200,750,92
2025-10-18,ORD-12012,Nespresso Coffee Machine,Home & Kitchen,Mumbai West,West,4.0,18500,12500,97
2025-10-18,ORD-12013,Philips Air Fryer XL,Home & Kitchen,Mumbai West,West,3.0,12500,8500,49
2025-10-18,ORD-12014,Premium Basmati Rice 5kg,Grocery,Delhi North,North,2.0,850,580,91
2025-10-18,ORD-12015,Robot Vacuum Cleaner,Home & Kitchen,Kolkata South,East,2.0,29000,19000,111
2025-10-18,ORD-12016,Organic Extra Virgin Olive Oil 1L,Grocery,Mumbai West,West,6.0,1400,950,143
2025-10-18,ORD-12017,Standing Desk Dual Motor,Furniture,Delhi North,North,4.0,32000,21000,134
2025-10-18,ORD-12018,Imported Coffee Beans 500g,Grocery,Bengaluru East,South,1.0,1200,750,122
2025-10-18,ORD-12019,Samsung Galaxy S24,Electronics,Kolkata South,East,3.0,90000,72000,77
2025-10-18,ORD-12020,Nespresso Coffee Machine,Home & Kitchen,Mumbai West,West,3.0,18500,12500,28
2025-10-19,ORD-12021,Zara Cotton Shirt,Apparel,Chennai Central,South,4.0,2500,1200,147
2025-10-19,ORD-12022,Organic Extra Virgin Olive Oil 1L,Grocery,Chennai Central,South,5.0,1400,950,42
2025-10-19,ORD-12023,Ergonomic Office Chair,Furniture,Delhi North,North,4.0,18000,11000,99
2025-10-19,ORD-12024,iPhone 15 Pro,Electronics,Kolkata South,East,1.0,120000,95000,67
2025-10-19,ORD-12025,Philips Air Fryer XL,Home & Kitchen,Kolkata South,East,4.0,12500,8500,49
2025-10-19,ORD-12026,Levi's Denim Jacket,Apparel,Delhi North,North,3.0,4500,2400,16
2025-10-19,ORD-12027,Premium Basmati Rice 5kg,Grocery,Chennai Central,South,1.0,850,580,54
2025-10-19,ORD-12028,Dyson Airwrap Styler,Home & Kitchen,Kolkata South,East,1.0,49000,38000,78
2025-10-19,ORD-12029,Organic Extra Virgin Olive Oil 1L,Grocery,Kolkata South,East,7.0,1400,950,29
2025-10-19,ORD-12030,MacBook Air M3,Electronics,Bengaluru East,South,4.0,115000,90000,62
2025-10-20,ORD-12031,Nespresso Coffee Machine,Home & Kitchen,Kolkata South,East,4.0,18500,12500,46
2025-10-20,ORD-12032,Premium Basmati Rice 5kg,Grocery,Chennai Central,South,3.0,850,580,76
2025-10-20,ORD-12033,Puma Track Pants,Apparel,Kolkata South,East,2.0,2200,1100,136
2025-10-20,ORD-12034,Artisanal Dark Chocolate Pack,Grocery,Delhi North,North,8.0,650,380,109
2025-10-20,ORD-12035,Standing Desk Dual Motor,Furniture,Bengaluru East,South,1.0,32000,21000,133
2025-10-21,ORD-12036,Premium Basmati Rice 5kg,Grocery,Chennai Central,South,8.0,850,580,45
2025-10-21,ORD-12037,Robot Vacuum Cleaner,Home & Kitchen,Chennai Central,South,3.0,29000,19000,23
2025-10-21,ORD-12038,Robot Vacuum Cleaner,Home & Kitchen,Chennai Central,South,3.0,29000,19000,50
2025-10-21,ORD-12039,Imported Coffee Beans 500g,Grocery,Delhi North,North,3.0,1200,750,106
2025-10-21,ORD-12040,Philips Air Fryer XL,Home & Kitchen,Delhi North,North,4.0,12500,8500,146
2025-10-21,ORD-12041,Samsung Galaxy S24,Electronics,Mumbai West,West,3.0,90000,72000,101
2025-10-21,ORD-12042,Premium Basmati Rice 5kg,Grocery,Delhi North,North,7.0,850,580,32
2025-10-22,ORD-12043,Imported Coffee Beans 500g,Grocery,Kolkata South,East,5.0,1200,750,48
2025-10-22,ORD-12044,Minimalist Sofa 3-Seater,Furniture,Kolkata South,East,4.0,60000,40000,32
2025-10-22,ORD-12045,iPhone 15 Pro,Electronics,Mumbai West,West,2.0,120000,95000,39
2025-10-22,ORD-12046,Sony WH-1000XM5 Headphones,Electronics,Bengaluru East,South,3.0,28000,20000,74
2025-10-22,ORD-12047,Nike Air Max Sneakers,Apparel,Mumbai West,West,4.0,9500,5500,122
2025-10-22,ORD-12048,iPhone 15 Pro,Electronics,Kolkata South,East,3.0,120000,95000,44
2025-10-22,ORD-12049,iPad Air 5th Gen,Electronics,Chennai Central,South,4.0,55000,42000,110
2025-10-23,ORD-12050,Samsung Galaxy S24,Electronics,Delhi North,North,1.0,90000,72000,130
2025-10-23,ORD-12051,Premium Basmati Rice 5kg,Grocery,Kolkata South,East,4.0,850,580,79
2025-10-23,ORD-12052,Imported Coffee Beans 500g,Grocery,Delhi North,North,4.0,1200,750,56
2025-10-23,ORD-12053,Premium Basmati Rice 5kg,Grocery,Chennai Central,South,2.0,850,580,67
2025-10-23,ORD-12054,Samsung Galaxy S24,Electronics,Chennai Central,South,3.0,90000,72000,119
2025-10-23,ORD-12055,Dyson Airwrap Styler,Home & Kitchen,Delhi North,North,2.0,49000,38000,150
2025-10-23,ORD-12056,Puma Track Pants,Apparel,Bengaluru East,South,3.0,2200,1100,106
2025-10-23,ORD-12057,Philips Air Fryer XL,Home & Kitchen,Chennai Central,South,4.0,12500,8500,124
2025-10-24,ORD-12058,Dell XPS 15,Electronics,Chennai Central,South,2.0,140000,110000,147
2025-10-24,ORD-12059,Ergonomic Office Chair,Furniture,Chennai Central,South,4.0,18000,11000,74
2025-10-24,ORD-12060,Dell XPS 15,Electronics,Kolkata South,East,3.0,140000,110000,20
2025-10-24,ORD-12061,Adidas Ultraboost,Apparel,Delhi North,North,4.0,12000,7000,106
2025-10-24,ORD-12062,Samsung Galaxy S24,Electronics,Delhi North,North,1.0,90000,72000,76
2025-10-24,ORD-12063,Nespresso Coffee Machine,Home & Kitchen,Bengaluru East,South,1.0,18500,12500,43
2025-10-24,ORD-12064,Robot Vacuum Cleaner,Home & Kitchen,Delhi North,North,1.0,29000,19000,23
2025-10-25,ORD-12065,Artisanal Dark Chocolate Pack,Grocery,Mumbai West,West,1.0,650,380,50
2025-10-25,ORD-12066,Puma Track Pants,Apparel,Delhi North,North,1.0,2200,1100,75
2025-10-25,ORD-12067,Organic Extra Virgin Olive Oil 1L,Grocery,Kolkata South,East,6.0,1400,950,33
2025-10-25,ORD-12068,Organic Extra Virgin Olive Oil 1L,Grocery,Kolkata South,East,3.0,1400,950,84
2025-10-25,ORD-12069,iPhone 15 Pro,Electronics,Chennai Central,South,4.0,120000,95000,144
2025-10-25,ORD-12070,Adidas Ultraboost,Apparel,Bengaluru East,South,4.0,12000,7000,92
2025-10-25,ORD-12071,Nike Air Max Sneakers,Apparel,Chennai Central,South,1.0,9500,5500,65
2025-10-25,ORD-12072,Robot Vacuum Cleaner,Home & Kitchen,Chennai Central,South,4.0,29000,19000,28
2025-10-25,ORD-12073,Imported Coffee Beans 500g,Grocery,Mumbai West,West,7.0,1200,750,50
2025-10-26,ORD-12074,Organic Extra Virgin Olive Oil 1L,Grocery,Kolkata South,East,6.0,1400,950,64
2025-10-26,ORD-12075,Standing Desk Dual Motor,Furniture,Chennai Central,South,2.0,32000,21000,74
2025-10-26,ORD-12076,Dell XPS 15,Electronics,Chennai Central,South,2.0,140000,110000,120
2025-10-26,ORD-12077,Dyson Airwrap Styler,Home & Kitchen,Chennai Central,South,2.0,49000,38000,1
2025-10-26,ORD-12078,Premium Basmati Rice 5kg,Grocery,Delhi North,North,6.0,850,580,104
2025-10-26,ORD-12079,Philips Air Fryer XL,Home & Kitchen,Delhi North,North,2.0,12500,8500,116
2025-10-26,ORD-12080,Organic Extra Virgin Olive Oil 1L,Grocery,Chennai Central,South,5.0,1400,950,67
2025-10-27,ORD-12081,Solid Wood Dining Table,Furniture,Bengaluru East,South,3.0,45000,30000,108
2025-10-27,ORD-12082,Nespresso Coffee Machine,Home & Kitchen,Mumbai West,West,3.0,18500,12500,96
2025-10-27,ORD-12083,Dyson Airwrap Styler,Home & Kitchen,Chennai Central,South,3.0,49000,38000,120
2025-10-27,ORD-12084,Robot Vacuum Cleaner,Home & Kitchen,Delhi North,North,1.0,29000,19000,67
2025-10-27,ORD-12085,Puma Track Pants,Apparel,Mumbai West,West,3.0,2200,1100,68
2025-10-27,ORD-12086,MacBook Air M3,Electronics,Mumbai West,West,1.0,115000,90000,75
2025-10-27,ORD-12087,Imported Coffee Beans 500g,Grocery,Chennai Central,South,8.0,1200,750,23
2025-10-28,ORD-12088,Standing Desk Dual Motor,Furniture,Delhi North,North,1.0,32000,21000,30
2025-10-28,ORD-12089,Standing Desk Dual Motor,Furniture,Bengaluru East,South,1.0,32000,21000,112
2025-10-28,ORD-12090,Imported Coffee Beans 500g,Grocery,Chennai Central,South,4.0,1200,750,112
2025-10-28,ORD-12091,Zara Cotton Shirt,Apparel,Kolkata South,East,1.0,2500,1200,93
2025-10-28,ORD-12092,Dell XPS 15,Electronics,Delhi North,North,1.0,140000,110000,101
2025-10-28,ORD-12093,Solid Wood Dining Table,Furniture,Chennai Central,South,3.0,45000,30000,126
2025-10-29,ORD-12094,iPhone 15 Pro,Electronics,Kolkata South,East,4.0,120000,95000,88
2025-10-29,ORD-12095,Robot Vacuum Cleaner,Home & Kitchen,Bengaluru East,South,3.0,29000,19000,56
2025-10-29,ORD-12096,Imported Coffee Beans 500g,Grocery,Mumbai West,West,1.0,1200,750,86
2025-10-29,ORD-12097,Ergonomic Office Chair,Furniture,Mumbai West,West,3.0,18000,11000,101
2025-10-29,ORD-12098,Robot Vacuum Cleaner,Home & Kitchen,Chennai Central,South,3.0,29000,19000,107
2025-10-29,ORD-12099,Minimalist Sofa 3-Seater,Furniture,Kolkata South,East,1.0,60000,40000,46
2025-10-29,ORD-12100,Minimalist Sofa 3-Seater,Furniture,Delhi North,North,2.0,60000,40000,128
2025-10-30,ORD-12101,Sony WH-1000XM5 Headphones,Electronics,Chennai Central,South,4.0,28000,20000,24
2025-10-30,ORD-12102,Standing Desk Dual Motor,Furniture,Kolkata South,East,2.0,32000,21000,119
2025-10-30,ORD-12103,Dell XPS 15,Electronics,Chennai Central,South,3.0,140000,110000,95
2025-10-30,ORD-12104,Sony WH-1000XM5 Headphones,Electronics,Mumbai West,West,3.0,28000,20000,85
2025-10-30,ORD-12105,Standing Desk Dual Motor,Furniture,Mumbai West,West,2.0,32000,21000,59
2025-10-30,ORD-12106,Puma Track Pants,Apparel,Chennai Central,South,2.0,2200,1100,44
2025-10-30,ORD-12107,Samsung Galaxy S24,Electronics,Kolkata South,East,4.0,90000,72000,96
2025-10-31,ORD-12108,Philips Air Fryer XL,Home & Kitchen,Chennai Central,South,3.0,12500,8500,80
2025-10-31,ORD-12109,iPad Air 5th Gen,Electronics,Delhi North,North,1.0,55000,42000,75
2025-10-31,ORD-12110,Ergonomic Office Chair,Furniture,Chennai Central,South,4.0,18000,11000,43
2025-10-31,ORD-12111,Dyson Airwrap Styler,Home & Kitchen,Mumbai West,West,2.0,49000,38000,98
2025-11-01,ORD-12112,Organic Extra Virgin Olive Oil 1L,Grocery,Bengaluru East,South,3.0,1400,950,21
2025-11-01,ORD-12113,Minimalist Sofa 3-Seater,Furniture,Delhi North,North,4.0,60000,40000,110
2025-11-01,ORD-12114,Artisanal Dark Chocolate Pack,Grocery,Kolkata South,East,3.0,650,380,109
2025-11-01,ORD-12115,MacBook Air M3,Electronics,Mumbai West,West,1.0,115000,90000,42
2025-11-01,ORD-12116,Philips Air Fryer XL,Home & Kitchen,Delhi North,North,3.0,12500,8500,70
2025-11-01,ORD-12117,Organic Extra Virgin Olive Oil 1L,Grocery,Mumbai West,West,2.0,1400,950,34
2025-11-01,ORD-12118,Puma Track Pants,Apparel,Kolkata South,East,4.0,2200,1100,46
2025-11-01,ORD-12119,Dyson Airwrap Styler,Home & Kitchen,Kolkata South,East,4.0,49000,38000,149
2025-11-01,ORD-12120,Minimalist Sofa 3-Seater,Furniture,Mumbai West,West,3.0,60000,40000,77
2025-11-01,ORD-12121,Solid Wood Dining Table,Furniture,Delhi North,North,2.0,45000,30000,131
2025-11-01,ORD-12122,Ergonomic Office Chair,Furniture,Mumbai West,West,4.0,18000,11000,119
2025-11-01,ORD-12123,Ergonomic Office Chair,Furniture,Delhi North,North,1.0,18000,11000,107
2025-11-02,ORD-12124,Premium Basmati Rice 5kg,Grocery,Bengaluru East,South,4.0,850,580,47
2025-11-02,ORD-12125,Philips Air Fryer XL,Home & Kitchen,Bengaluru East,South,2.0,12500,8500,81
2025-11-02,ORD-12126,Minimalist Sofa 3-Seater,Furniture,Delhi North,North,1.0,60000,40000,35
2025-11-02,ORD-12127,Imported Coffee Beans 500g,Grocery,Kolkata South,East,8.0,1200,750,65
2025-11-02,ORD-12128,Zara Cotton Shirt,Apparel,Chennai Central,South,2.0,2500,1200,45
2025-11-02,ORD-12129,Artisanal Dark Chocolate Pack,Grocery,Kolkata South,East,2.0,650,380,47
2025-11-02,ORD-12130,Sony WH-1000XM5 Headphones,Electronics,Chennai Central,South,2.0,28000,20000,33
2025-11-02,ORD-12131,Puma Track Pants,Apparel,Kolkata South,East,4.0,2200,1100,123
2025-11-02,ORD-12132,Solid Wood Dining Table,Furniture,Bengaluru East,South,2.0,45000,30000,90
2025-11-02,ORD-12133,MacBook Air M3,Electronics,Delhi North,North,1.0,115000,90000,26
2025-11-02,ORD-12134,iPad Air 5th Gen,Electronics,Delhi North,North,4.0,55000,42000,119
2025-11-02,ORD-12135,Imported Coffee Beans 500g,Grocery,Delhi North,North,3.0,1200,750,61
2025-11-03,ORD-12136,Dyson Airwrap Styler,Home & Kitchen,Mumbai West,West,1.0,49000,38000,109
2025-11-03,ORD-12137,Imported Coffee Beans 500g,Grocery,Delhi North,North,3.0,1200,750,145
2025-11-03,ORD-12138,Nespresso Coffee Machine,Home & Kitchen,Chennai Central,South,2.0,18500,12500,91
2025-11-03,ORD-12139,Artisanal Dark Chocolate Pack,Grocery,Chennai Central,South,5.0,650,380,97
2025-11-03,ORD-12140,Artisanal Dark Chocolate Pack,Grocery,Mumbai West,West,1.0,650,380,68
2025-11-03,ORD-12141,Artisanal Dark Chocolate Pack,Grocery,Kolkata South,East,2.0,650,380,103
2025-11-03,ORD-12142,Solid Wood Dining Table,Furniture,Chennai Central,South,3.0,45000,30000,85
2025-11-03,ORD-12143,Imported Coffee Beans 500g,Grocery,Mumbai West,West,5.0,1200,750,81
2025-11-04,ORD-12144,Samsung Galaxy S24,Electronics,Delhi North,North,2.0,90000,72000,39
2025-11-04,ORD-12145,Puma Track Pants,Apparel,Kolkata South,East,2.0,2200,1100,22
2025-11-04,ORD-12146,Dyson Airwrap Styler,Home & Kitchen,Kolkata South,East,2.0,49000,38000,16
2025-11-04,ORD-12147,MacBook Air M3,Electronics,Mumbai West,West,3.0,115000,90000,124
2025-11-04,ORD-12148,Premium Basmati Rice 5kg,Grocery,Bengaluru East,South,2.0,850,580,45
2025-11-04,ORD-12149,Imported Coffee Beans 500g,Grocery,Bengaluru East,South,2.0,1200,750,50
2025-11-04,ORD-12150,Ergonomic Office Chair,Furniture,Delhi North,North,1.0,18000,11000,71
2025-11-04,ORD-12151,MacBook Air M3,Electronics,Mumbai West,West,3.0,115000,90000,85
2025-11-05,ORD-12152,Dyson Airwrap Styler,Home & Kitchen,Delhi North,North,1.0,49000,38000,2
2025-11-05,ORD-12153,Puma Track Pants,Apparel,Chennai Central,South,1.0,2200,1100,77
2025-11-05,ORD-12154,Puma Track Pants,Apparel,Bengaluru East,South,2.0,2200,1100,65
2025-11-05,ORD-12155,Standing Desk Dual Motor,Furniture,Mumbai West,West,4.0,32000,21000,62
2025-11-05,ORD-12156,Artisanal Dark Chocolate Pack,Grocery,Mumbai West,West,2.0,650,380,147
2025-11-05,ORD-12157,Nike Air Max Sneakers,Apparel,Bengaluru East,South,1.0,9500,5500,140
2025-11-05,ORD-12158,Philips Air Fryer XL,Home & Kitchen,Mumbai West,West,1.0,12500,8500,122
2025-11-06,ORD-12159,Robot Vacuum Cleaner,Home & Kitchen,Kolkata South,East,2.0,29000,19000,104
2025-11-06,ORD-12160,Premium Basmati Rice 5kg,Grocery,Delhi North,North,5.0,850,580,139
2025-11-06,ORD-12161,Imported Coffee Beans 500g,Grocery,Kolkata South,East,8.0,1200,750,90
2025-11-06,ORD-12162,Samsung Galaxy S24,Electronics,Chennai Central,South,3.0,90000,72000,122
2025-11-06,ORD-12163,Artisanal Dark Chocolate Pack,Grocery,Mumbai West,West,2.0,650,380,60
2025-11-06,ORD-12164,Artisanal Dark Chocolate Pack,Grocery,Chennai Central,South,7.0,650,380,47
2025-11-07,ORD-12165,Imported Coffee Beans 500g,Grocery,Mumbai West,West,5.0,1200,750,83
2025-11-07,ORD-12166,Philips Air Fryer XL,Home & Kitchen,Bengaluru East,South,1.0,12500,8500,97
2025-11-07,ORD-12167,Minimalist Sofa 3-Seater,Furniture,Bengaluru East,South,4.0,60000,40000,128
2025-11-07,ORD-12168,Imported Coffee Beans 500g,Grocery,Delhi North,North,5.0,1200,750,139
2025-11-07,ORD-12169,Adidas Ultraboost,Apparel,Chennai Central,South,3.0,12000,7000,129
2025-11-07,ORD-12170,Premium Basmati Rice 5kg,Grocery,Kolkata South,East,4.0,850,580,43
2025-11-07,ORD-12171,Nespresso Coffee Machine,Home & Kitchen,Mumbai West,West,1.0,18500,12500,20
2025-11-08,ORD-12172,iPad Air 5th Gen,Electronics,Delhi North,North,3.0,55000,42000,31
2025-11-08,ORD-12173,Dell XPS 15,Electronics,Mumbai West,West,3.0,140000,110000,65
2025-11-08,ORD-12174,Puma Track Pants,Apparel,Bengaluru East,South,2.0,2200,1100,89
2025-11-08,ORD-12175,Adidas Ultraboost,Apparel,Delhi North,North,4.0,12000,7000,70
2025-11-08,ORD-12176,Philips Air Fryer XL,Home & Kitchen,Chennai Central,South,1.0,12500,8500,20
2025-11-08,ORD-12177,Dyson Airwrap Styler,Home & Kitchen,Kolkata South,East,4.0,49000,38000,2
2025-11-08,ORD-12178,Ergonomic Office Chair,Furniture,Mumbai West,West,2.0,18000,11000,23
2025-11-08,ORD-12179,Ergonomic Office Chair,Furniture,Bengaluru East,South,4.0,18000,11000,48
2025-11-08,ORD-12180,Ergonomic Office Chair,Furniture,Chennai Central,South,1.0,18000,11000,144
2025-11-08,ORD-12181,Organic Extra Virgin Olive Oil 1L,Grocery,Chennai Central,South,2.0,1400,950,115
2025-11-09,ORD-12182,Nespresso Coffee Machine,Home & Kitchen,Delhi North,North,4.0,18500,12500,146
2025-11-09,ORD-12183,MacBook Air M3,Electronics,Delhi North,North,4.0,115000,90000,66
2025-11-09,ORD-12184,MacBook Air M3,Electronics,Kolkata South,East,4.0,115000,90000,111
2025-11-09,ORD-12185,Standing Desk Dual Motor,Furniture,Chennai Central,South,2.0,32000,21000,119
2025-11-09,ORD-12186,Nespresso Coffee Machine,Home & Kitchen,Bengaluru East,South,3.0,18500,12500,144
2025-11-09,ORD-12187,Zara Cotton Shirt,Apparel,Chennai Central,South,4.0,2500,1200,115
2025-11-09,ORD-12188,Ergonomic Office Chair,Furniture,Bengaluru East,South,2.0,18000,11000,21
2025-11-09,ORD-12189,Premium Basmati Rice 5kg,Grocery,Bengaluru East,South,8.0,850,580,42
2025-11-10,ORD-12190,Solid Wood Dining Table,Furniture,Chennai Central,South,1.0,45000,30000,58
2025-11-10,ORD-12191,Zara Cotton Shirt,Apparel,Kolkata South,East,2.0,2500,1200,36
2025-11-10,ORD-12192,Zara Cotton Shirt,Apparel,Kolkata South,East,4.0,2500,1200,148
2025-11-10,ORD-12193,Philips Air Fryer XL,Home & Kitchen,Chennai Central,South,4.0,12500,8500,79
2025-11-10,ORD-12194,Artisanal Dark Chocolate Pack,Grocery,Delhi North,North,1.0,650,380,97
2025-11-10,ORD-12195,Robot Vacuum Cleaner,Home & Kitchen,Chennai Central,South,3.0,29000,19000,68
2025-11-11,ORD-12196,Imported Coffee Beans 500g,Grocery,Delhi North,North,6.0,1200,750,133
2025-11-11,ORD-12197,Organic Extra Virgin Olive Oil 1L,Grocery,Chennai Central,South,2.0,1400,950,111
2025-11-11,ORD-12198,Nike Air Max Sneakers,Apparel,Mumbai West,West,1.0,9500,5500,57
2025-11-11,ORD-12199,Zara Cotton Shirt,Apparel,Chennai Central,South,1.0,2500,1200,123
2025-11-11,ORD-12200,Premium Basmati Rice 5kg,Grocery,Kolkata South,East,3.0,850,580,122
2025-11-11,ORD-12201,Organic Extra Virgin Olive Oil 1L,Grocery,Delhi North,North,7.0,1400,950,90
2025-11-11,ORD-12202,Minimalist Sofa 3-Seater,Furniture,Kolkata South,East,3.0,60000,40000,57
2025-11-11,ORD-12203,Adidas Ultraboost,Apparel,Kolkata South,East,2.0,12000,7000,110
2025-11-12,ORD-12204,Nespresso Coffee Machine,Home & Kitchen,Bengaluru East,South,4.0,18500,12500,68
2025-11-12,ORD-12205,Solid Wood Dining Table,Furniture,Mumbai West,West,4.0,45000,30000,17
2025-11-12,ORD-12206,Standing Desk Dual Motor,Furniture,Mumbai West,West,2.0,32000,21000,135
2025-11-12,ORD-12207,iPhone 15 Pro,Electronics,Delhi North,North,2.0,120000,95000,66
2025-11-12,ORD-12208,Dell XPS 15,Electronics,Bengaluru East,South,3.0,140000,110000,39
2025-11-12,ORD-12209,Dell XPS 15,Electronics,Bengaluru East,South,2.0,140000,110000,32
2025-11-12,ORD-12210,Solid Wood Dining Table,Furniture,Delhi North,North,1.0,45000,30000,64
2025-11-12,ORD-12211,Minimalist Sofa 3-Seater,Furniture,Bengaluru East,South,3.0,60000,40000,109
2025-11-13,ORD-12212,Artisanal Dark Chocolate Pack,Grocery,Kolkata South,East,2.0,650,380,54
2025-11-13,ORD-12213,iPad Air 5th Gen,Electronics,Mumbai West,West,3.0,55000,42000,60
2025-11-13,ORD-12214,Ergonomic Office Chair,Furniture,Mumbai West,West,4.0,18000,11000,99
2025-11-13,ORD-12215,Nespresso Coffee Machine,Home & Kitchen,Kolkata South,East,4.0,18500,12500,68
2025-11-13,ORD-12216,Nike Air Max Sneakers,Apparel,Mumbai West,West,2.0,9500,5500,38
2025-11-13,ORD-12217,Philips Air Fryer XL,Home & Kitchen,Mumbai West,West,2.0,12500,8500,136
2025-11-13,ORD-12218,MacBook Air M3,Electronics,Chennai Central,South,1.0,115000,90000,50
2025-11-13,ORD-12219,Robot Vacuum Cleaner,Home & Kitchen,Bengaluru East,South,4.0,29000,19000,98
2025-11-14,ORD-12220,Dyson Airwrap Styler,Home & Kitchen,Mumbai West,West,4.0,49000,38000,111
2025-11-14,ORD-12221,Artisanal Dark Chocolate Pack,Grocery,Delhi North,North,2.0,650,380,69
2025-11-14,ORD-12222,Adidas Ultraboost,Apparel,Mumbai West,West,4.0,12000,7000,128
2025-11-14,ORD-12223,Artisanal Dark Chocolate Pack,Grocery,Chennai Central,South,6.0,650,380,60
2025-11-14,ORD-12224,MacBook Air M3,Electronics,Bengaluru East,South,3.0,115000,90000,123
2025-11-14,ORD-12225,Puma Track Pants,Apparel,Kolkata South,East,2.0,2200,1100,112
2025-11-15,ORD-12226,Nike Air Max Sneakers,Apparel,Mumbai West,West,4.0,9500,5500,107
2025-11-15,ORD-12227,Philips Air Fryer XL,Home & Kitchen,Chennai Central,South,3.0,12500,8500,99
2025-11-15,ORD-12228,MacBook Air M3,Electronics,Delhi North,North,1.0,115000,90000,84
2025-11-15,ORD-12229,iPad Air 5th Gen,Electronics,Delhi North,North,4.0,55000,42000,116
2025-11-15,ORD-12230,iPad Air 5th Gen,Electronics,Delhi North,North,3.0,55000,42000,29
2025-11-15,ORD-12231,Dyson Airwrap Styler,Home & Kitchen,Bengaluru East,South,4.0,49000,38000,0
2025-11-15,ORD-12232,MacBook Air M3,Electronics,Chennai Central,South,2.0,115000,90000,60
2025-11-15,ORD-12233,Nike Air Max Sneakers,Apparel,Bengaluru East,South,1.0,9500,5500,29
2025-11-15,ORD-12234,Organic Extra Virgin Olive Oil 1L,Grocery,Delhi North,North,5.0,1400,950,64
2025-11-16,ORD-12235,Dyson Airwrap Styler,Home & Kitchen,Delhi North,North,3.0,49000,38000,58
2025-11-16,ORD-12236,Nespresso Coffee Machine,Home & Kitchen,Kolkata South,East,1.0,18500,12500,118
2025-11-16,ORD-12237,Organic Extra Virgin Olive Oil 1L,Grocery,Chennai Central,South,3.0,1400,950,83
2025-11-16,ORD-12238,Samsung Galaxy S24,Electronics,Bengaluru East,South,1.0,90000,72000,85
2025-11-16,ORD-12239,Philips Air Fryer XL,Home & Kitchen,Kolkata South,East,4.0,12500,8500,59
2025-11-16,ORD-12240,MacBook Air M3,Electronics,Delhi North,North,3.0,115000,90000,45
2025-11-16,ORD-12241,Standing Desk Dual Motor,Furniture,Kolkata South,East,1.0,32000,21000,133
2025-11-16,ORD-12242,iPhone 15 Pro,Electronics,Chennai Central,South,2.0,120000,95000,37
2025-11-16,ORD-12243,Adidas Ultraboost,Apparel,Kolkata South,East,1.0,12000,7000,58
2025-11-16,ORD-12244,Samsung Galaxy S24,Electronics,Delhi North,North,4.0,90000,72000,35
2025-11-16,ORD-12245,Adidas Ultraboost,Apparel,Mumbai West,West,2.0,12000,7000,94
2025-11-16,ORD-12246,Sony WH-1000XM5 Headphones,Electronics,Delhi North,North,2.0,28000,20000,86
2025-11-17,ORD-12247,Nespresso Coffee Machine,Home & Kitchen,Bengaluru East,South,2.0,18500,12500,63
2025-11-17,ORD-12248,Solid Wood Dining Table,Furniture,Mumbai West,West,3.0,45000,30000,81
2025-11-17,ORD-12249,Artisanal Dark Chocolate Pack,Grocery,Chennai Central,South,6.0,650,380,108
2025-11-17,ORD-12250,Standing Desk Dual Motor,Furniture,Mumbai West,West,1.0,32000,21000,113
2025-11-17,ORD-12251,Puma Track Pants,Apparel,Kolkata South,East,2.0,2200,1100,126
2025-11-18,ORD-12252,Solid Wood Dining Table,Furniture,Delhi North,North,3.0,45000,30000,38
2025-11-18,ORD-12253,Philips Air Fryer XL,Home & Kitchen,Delhi North,North,2.0,12500,8500,134
2025-11-18,ORD-12254,Ergonomic Office Chair,Furniture,Chennai Central,South,2.0,18000,11000,136
2025-11-18,ORD-12255,Zara Cotton Shirt,Apparel,Kolkata South,East,3.0,2500,1200,110
2025-11-18,ORD-12256,Robot Vacuum Cleaner,Home & Kitchen,Kolkata South,East,1.0,29000,19000,97
2025-11-18,ORD-12257,iPad Air 5th Gen,Electronics,Delhi North,North,1.0,55000,42000,55
2025-11-19,ORD-12258,Artisanal Dark Chocolate Pack,Grocery,Delhi North,North,3.0,650,380,106
2025-11-19,ORD-12259,Solid Wood Dining Table,Furniture,Bengaluru East,South,2.0,45000,30000,20
2025-11-19,ORD-12260,Imported Coffee Beans 500g,Grocery,Kolkata South,East,7.0,1200,750,136
2025-11-19,ORD-12261,Adidas Ultraboost,Apparel,Delhi North,North,3.0,12000,7000,138
2025-11-19,ORD-12262,Artisanal Dark Chocolate Pack,Grocery,Chennai Central,South,2.0,650,380,122
2025-11-19,ORD-12263,Artisanal Dark Chocolate Pack,Grocery,Kolkata South,East,1.0,650,380,56
2025-11-19,ORD-12264,Philips Air Fryer XL,Home & Kitchen,Delhi North,North,2.0,12500,8500,50
2025-11-20,ORD-12265,Ergonomic Office Chair,Furniture,Chennai Central,South,3.0,18000,11000,51
2025-11-20,ORD-12266,Standing Desk Dual Motor,Furniture,Bengaluru East,South,2.0,32000,21000,132
2025-11-20,ORD-12267,iPad Air 5th Gen,Electronics,Mumbai West,West,2.0,55000,42000,59
2025-11-20,ORD-12268,Minimalist Sofa 3-Seater,Furniture,Chennai Central,South,2.0,60000,40000,75
2025-11-20,ORD-12269,Zara Cotton Shirt,Apparel,Chennai Central,South,2.0,2500,1200,54
2025-11-21,ORD-12270,Ergonomic Office Chair,Furniture,Bengaluru East,South,2.0,18000,11000,103
2025-11-21,ORD-12271,Sony WH-1000XM5 Headphones,Electronics,Kolkata South,East,4.0,28000,20000,69
2025-11-21,ORD-12272,Imported Coffee Beans 500g,Grocery,Bengaluru East,South,2.0,1200,750,114
2025-11-21,ORD-12273,Adidas Ultraboost,Apparel,Mumbai West,West,4.0,12000,7000,98
2025-11-21,ORD-12274,Standing Desk Dual Motor,Furniture,Kolkata South,East,4.0,32000,21000,33
2025-11-21,ORD-12275,Standing Desk Dual Motor,Furniture,Kolkata South,East,1.0,32000,21000,71
2025-11-21,ORD-12276,Philips Air Fryer XL,Home & Kitchen,Mumbai West,West,3.0,12500,8500,107
2025-11-21,ORD-12277,Ergonomic Office Chair,Furniture,Kolkata South,East,4.0,18000,11000,34
2025-11-22,ORD-12278,Levi's Denim Jacket,Apparel,Bengaluru East,South,2.0,4500,2400,26
2025-11-22,ORD-12279,Adidas Ultraboost,Apparel,Bengaluru East,South,1.0,12000,7000,101
2025-11-22,ORD-12280,Premium Basmati Rice 5kg,Grocery,Bengaluru East,South,5.0,850,580,94
2025-11-22,ORD-12281,Imported Coffee Beans 500g,Grocery,Chennai Central,South,7.0,1200,750,60
2025-11-22,ORD-12282,Zara Cotton Shirt,Apparel,Kolkata South,East,1.0,2500,1200,134
2025-11-22,ORD-12283,MacBook Air M3,Electronics,Chennai Central,South,4.0,115000,90000,18
2025-11-22,ORD-12284,Adidas Ultraboost,Apparel,Mumbai West,West,4.0,12000,7000,131
2025-11-22,ORD-12285,Sony WH-1000XM5 Headphones,Electronics,Bengaluru East,South,4.0,28000,20000,28
2025-11-22,ORD-12286,Standing Desk Dual Motor,Furniture,Delhi North,North,1.0,32000,21000,130
2025-11-22,ORD-12287,Nespresso Coffee Machine,Home & Kitchen,Bengaluru East,South,3.0,18500,12500,108
2025-11-22,ORD-12288,Samsung Galaxy S24,Electronics,Bengaluru East,South,4.0,90000,72000,35
2025-11-22,ORD-12289,Nike Air Max Sneakers,Apparel,Delhi North,North,3.0,9500,5500,65
2025-11-23,ORD-12290,Robot Vacuum Cleaner,Home & Kitchen,Bengaluru East,South,1.0,29000,19000,133
2025-11-23,ORD-12291,Ergonomic Office Chair,Furniture,Chennai Central,South,4.0,18000,11000,132
2025-11-23,ORD-12292,Ergonomic Office Chair,Furniture,Kolkata South,East,3.0,18000,11000,79
2025-11-23,ORD-12293,Artisanal Dark Chocolate Pack,Grocery,Delhi North,North,5.0,650,380,60
2025-11-23,ORD-12294,Minimalist Sofa 3-Seater,Furniture,Bengaluru East,South,1.0,60000,40000,129
2025-11-23,ORD-12295,Minimalist Sofa 3-Seater,Furniture,Chennai Central,South,1.0,60000,40000,106
2025-11-23,ORD-12296,Dell XPS 15,Electronics,Bengaluru East,South,2.0,140000,110000,59
2025-11-23,ORD-12297,Dell XPS 15,Electronics,Chennai Central,South,2.0,140000,110000,52
2025-11-23,ORD-12298,Imported Coffee Beans 500g,Grocery,Delhi North,North,8.0,1200,750,77
2025-11-23,ORD-12299,Robot Vacuum Cleaner,Home & Kitchen,Chennai Central,South,1.0,29000,19000,98
2025-11-23,ORD-12300,Ergonomic Office Chair,Furniture,Mumbai West,West,1.0,18000,11000,112
2025-11-24,ORD-12301,MacBook Air M3,Electronics,Delhi North,North,4.0,115000,90000,117
2025-11-24,ORD-12302,Samsung Galaxy S24,Electronics,Delhi North,North,1.0,90000,72000,125
2025-11-24,ORD-12303,Samsung Galaxy S24,Electronics,Kolkata South,East,3.0,90000,72000,92
2025-11-24,ORD-12304,Philips Air Fryer XL,Home & Kitchen,Chennai Central,South,3.0,12500,8500,136
2025-11-24,ORD-12305,Zara Cotton Shirt,Apparel,Delhi North,North,2.0,2500,1200,85
2025-11-24,ORD-12306,Dyson Airwrap Styler,Home & Kitchen,Kolkata South,East,4.0,49000,38000,61
2025-11-24,ORD-12307,Ergonomic Office Chair,Furniture,Bengaluru East,South,2.0,18000,11000,19
2025-11-24,ORD-12308,Premium Basmati Rice 5kg,Grocery,Delhi North,North,8.0,850,580,96
2025-11-25,ORD-12309,Levi's Denim Jacket,Apparel,Chennai Central,South,3.0,4500,2400,71
2025-11-25,ORD-12310,Dell XPS 15,Electronics,Delhi North,North,4.0,140000,110000,122
2025-11-25,ORD-12311,Nespresso Coffee Machine,Home & Kitchen,Kolkata South,East,4.0,18500,12500,136
2025-11-25,ORD-12312,Dyson Airwrap Styler,Home & Kitchen,Delhi North,North,3.0,49000,38000,96
2025-11-26,ORD-12313,Zara Cotton Shirt,Apparel,Bengaluru East,South,2.0,2500,1200,58
2025-11-26,ORD-12314,Artisanal Dark Chocolate Pack,Grocery,Bengaluru East,South,2.0,650,380,139
2025-11-26,ORD-12315,Nespresso Coffee Machine,Home & Kitchen,Chennai Central,South,2.0,18500,12500,150
2025-11-26,ORD-12316,Minimalist Sofa 3-Seater,Furniture,Delhi North,North,3.0,60000,40000,130
2025-11-26,ORD-12317,Organic Extra Virgin Olive Oil 1L,Grocery,Mumbai West,West,6.0,1400,950,125
2025-11-26,ORD-12318,Organic Extra Virgin Olive Oil 1L,Grocery,Delhi North,North,4.0,1400,950,111
2025-11-26,ORD-12319,Philips Air Fryer XL,Home & Kitchen,Bengaluru East,South,1.0,12500,8500,39
2025-11-27,ORD-12320,Levi's Denim Jacket,Apparel,Chennai Central,South,3.0,4500,2400,60
2025-11-27,ORD-12321,Zara Cotton Shirt,Apparel,Kolkata South,East,4.0,2500,1200,105
2025-11-27,ORD-12322,Zara Cotton Shirt,Apparel,Kolkata South,East,3.0,2500,1200,96
2025-11-27,ORD-12323,Ergonomic Office Chair,Furniture,Delhi North,North,4.0,18000,11000,72
2025-11-27,ORD-12324,Imported Coffee Beans 500g,Grocery,Bengaluru East,South,8.0,1200,750,55
2025-11-27,ORD-12325,Zara Cotton Shirt,Apparel,Delhi North,North,1.0,2500,1200,100
2025-11-27,ORD-12326,Premium Basmati Rice 5kg,Grocery,Chennai Central,South,7.0,850,580,122
2025-11-28,ORD-12327,Nike Air Max Sneakers,Apparel,Kolkata South,East,2.0,9500,5500,50
2025-11-28,ORD-12328,Dyson Airwrap Styler,Home & Kitchen,Kolkata South,East,4.0,49000,38000,20
2025-11-28,ORD-12329,Levi's Denim Jacket,Apparel,Kolkata South,East,4.0,4500,2400,38
2025-11-28,ORD-12330,Ergonomic Office Chair,Furniture,Kolkata South,East,4.0,18000,11000,145
2025-11-28,ORD-12331,Levi's Denim Jacket,Apparel,Bengaluru East,South,3.0,4500,2400,76
2025-11-28,ORD-12332,Zara Cotton Shirt,Apparel,Mumbai West,West,3.0,2500,1200,48
2025-11-28,ORD-12333,Ergonomic Office Chair,Furniture,Chennai Central,South,2.0,18000,11000,133
2025-11-29,ORD-12334,Puma Track Pants,Apparel,Bengaluru East,South,2.0,2200,1100,60
2025-11-29,ORD-12335,Organic Extra Virgin Olive Oil 1L,Grocery,Kolkata South,East,3.0,1400,950,77
2025-11-29,ORD-12336,Organic Extra Virgin Olive Oil 1L,Grocery,Chennai Central,South,7.0,1400,950,148
2025-11-29,ORD-12337,Imported Coffee Beans 500g,Grocery,Chennai Central,South,5.0,1200,750,45
2025-11-29,ORD-12338,Dyson Airwrap Styler,Home & Kitchen,Bengaluru East,South,4.0,49000,38000,30
2025-11-29,ORD-12339,Organic Extra Virgin Olive Oil 1L,Grocery,Delhi North,North,8.0,1400,950,124
2025-11-29,ORD-12340,iPhone 15 Pro,Electronics,Mumbai West,West,3.0,120000,95000,43
2025-11-29,ORD-12341,Adidas Ultraboost,Apparel,Bengaluru East,South,3.0,12000,7000,51
2025-11-29,ORD-12342,Zara Cotton Shirt,Apparel,Mumbai West,West,3.0,2500,1200,39
2025-11-29,ORD-12343,Ergonomic Office Chair,Furniture,Bengaluru East,South,4.0,18000,11000,77
2025-11-30,ORD-12344,Minimalist Sofa 3-Seater,Furniture,Bengaluru East,South,3.0,60000,40000,130
2025-11-30,ORD-12345,Minimalist Sofa 3-Seater,Furniture,Kolkata South,East,1.0,60000,40000,50
2025-11-30,ORD-12346,Puma Track Pants,Apparel,Delhi North,North,1.0,2200,1100,71
2025-11-30,ORD-12347,Minimalist Sofa 3-Seater,Furniture,Delhi North,North,3.0,60000,40000,55
2025-11-30,ORD-12348,Nespresso Coffee Machine,Home & Kitchen,Bengaluru East,South,4.0,18500,12500,90
2025-11-30,ORD-12349,Levi's Denim Jacket,Apparel,Mumbai West,West,3.0,4500,2400,113
2025-11-30,ORD-12350,Solid Wood Dining Table,Furniture,Chennai Central,South,2.0,45000,30000,92
2025-11-30,ORD-12351,Puma Track Pants,Apparel,Chennai Central,South,3.0,2200,1100,108
2025-11-30,ORD-12352,Robot Vacuum Cleaner,Home & Kitchen,Bengaluru East,South,2.0,29000,19000,103
2025-12-01,ORD-12353,Nespresso Coffee Machine,Home & Kitchen,Kolkata South,East,3.0,18500,12500,111
2025-12-01,ORD-12354,Premium Basmati Rice 5kg,Grocery,Kolkata South,East,3.0,850,580,138
2025-12-01,ORD-12355,Organic Extra Virgin Olive Oil 1L,Grocery,Chennai Central,South,4.0,1400,950,94
2025-12-01,ORD-12356,Levi's Denim Jacket,Apparel,Mumbai West,West,3.0,4500,2400,45
2025-12-01,ORD-12357,Adidas Ultraboost,Apparel,Bengaluru East,South,4.0,12000,7000,18
2025-12-02,ORD-12358,Levi's Denim Jacket,Apparel,Delhi North,North,1.0,4500,2400,117
2025-12-02,ORD-12359,MacBook Air M3,Electronics,Kolkata South,East,1.0,115000,90000,84
2025-12-02,ORD-12360,Dyson Airwrap Styler,Home & Kitchen,Chennai Central,South,4.0,49000,38000,148
2025-12-02,ORD-12361,Solid Wood Dining Table,Furniture,Mumbai West,West,2.0,45000,30000,131
2025-12-02,ORD-12362,Nike Air Max Sneakers,Apparel,Kolkata South,East,3.0,9500,5500,86
2025-12-02,ORD-12363,iPad Air 5th Gen,Electronics,Mumbai West,West,1.0,55000,42000,48
2025-12-02,ORD-12364,Nespresso Coffee Machine,Home & Kitchen,Chennai Central,South,2.0,18500,12500,73
2025-12-02,ORD-12365,Puma Track Pants,Apparel,Kolkata South,East,4.0,2200,1100,133
2025-12-03,ORD-12366,Dyson Airwrap Styler,Home & Kitchen,Delhi North,North,1.0,49000,38000,65
2025-12-03,ORD-12367,Organic Extra Virgin Olive Oil 1L,Grocery,Bengaluru East,South,2.0,1400,950,70
2025-12-03,ORD-12368,Robot Vacuum Cleaner,Home & Kitchen,Delhi North,North,1.0,29000,19000,125
2025-12-03,ORD-12369,iPad Air 5th Gen,Electronics,Bengaluru East,South,2.0,55000,42000,131
2025-12-04,ORD-12370,Standing Desk Dual Motor,Furniture,Kolkata South,East,3.0,32000,21000,141
2025-12-04,ORD-12371,Adidas Ultraboost,Apparel,Kolkata South,East,4.0,12000,7000,146
2025-12-04,ORD-12372,Minimalist Sofa 3-Seater,Furniture,Delhi North,North,2.0,60000,40000,102
2025-12-04,ORD-12373,Minimalist Sofa 3-Seater,Furniture,Bengaluru East,South,1.0,60000,40000,61
2025-12-05,ORD-12374,MacBook Air M3,Electronics,Kolkata South,East,4.0,115000,90000,141
2025-12-05,ORD-12375,Levi's Denim Jacket,Apparel,Chennai Central,South,4.0,4500,2400,92
2025-12-05,ORD-12376,Sony WH-1000XM5 Headphones,Electronics,Delhi North,North,2.0,28000,20000,64
2025-12-05,ORD-12377,Samsung Galaxy S24,Electronics,Mumbai West,West,3.0,90000,72000,143
2025-12-05,ORD-12378,Minimalist Sofa 3-Seater,Furniture,Kolkata South,East,4.0,60000,40000,41
2025-12-05,ORD-12379,Solid Wood Dining Table,Furniture,Kolkata South,East,2.0,45000,30000,97
2025-12-05,ORD-12380,Levi's Denim Jacket,Apparel,Bengaluru East,South,2.0,4500,2400,55
2025-12-06,ORD-12381,Adidas Ultraboost,Apparel,Kolkata South,East,4.0,12000,7000,121
2025-12-06,ORD-12382,Solid Wood Dining Table,Furniture,Delhi North,North,4.0,45000,30000,92
2025-12-06,ORD-12383,Solid Wood Dining Table,Furniture,Delhi North,North,3.0,45000,30000,105
2025-12-06,ORD-12384,Standing Desk Dual Motor,Furniture,Delhi North,North,4.0,32000,21000,115
2025-12-06,ORD-12385,Organic Extra Virgin Olive Oil 1L,Grocery,Bengaluru East,South,7.0,1400,950,105
2025-12-06,ORD-12386,Zara Cotton Shirt,Apparel,Delhi North,North,1.0,2500,1200,66
2025-12-06,ORD-12387,Adidas Ultraboost,Apparel,Delhi North,North,3.0,12000,7000,21
2025-12-06,ORD-12388,Standing Desk Dual Motor,Furniture,Bengaluru East,South,3.0,32000,21000,66
2025-12-06,ORD-12389,Puma Track Pants,Apparel,Kolkata South,East,4.0,2200,1100,85
2025-12-06,ORD-12390,iPhone 15 Pro,Electronics,Mumbai West,West,2.0,120000,95000,98
2025-12-06,ORD-12391,Imported Coffee Beans 500g,Grocery,Chennai Central,South,8.0,1200,750,78
2025-12-07,ORD-12392,Robot Vacuum Cleaner,Home & Kitchen,Chennai Central,South,1.0,29000,19000,29
2025-12-07,ORD-12393,Minimalist Sofa 3-Seater,Furniture,Kolkata South,East,3.0,60000,40000,127
2025-12-07,ORD-12394,Ergonomic Office Chair,Furniture,Bengaluru East,South,2.0,18000,11000,33
2025-12-07,ORD-12395,Standing Desk Dual Motor,Furniture,Mumbai West,West,2.0,32000,21000,91
2025-12-07,ORD-12396,Philips Air Fryer XL,Home & Kitchen,Kolkata South,East,1.0,12500,8500,127
2025-12-07,ORD-12397,Adidas Ultraboost,Apparel,Kolkata South,East,3.0,12000,7000,150
2025-12-07,ORD-12398,Ergonomic Office Chair,Furniture,Mumbai West,West,1.0,18000,11000,95
2025-12-07,ORD-12399,Standing Desk Dual Motor,Furniture,Mumbai West,West,2.0,32000,21000,97
2025-12-07,ORD-12400,Premium Basmati Rice 5kg,Grocery,Bengaluru East,South,6.0,850,580,65
2025-12-08,ORD-12401,Ergonomic Office Chair,Furniture,Mumbai West,West,1.0,18000,11000,120
2025-12-08,ORD-12402,Imported Coffee Beans 500g,Grocery,Bengaluru East,South,1.0,1200,750,146
2025-12-08,ORD-12403,Ergonomic Office Chair,Furniture,Kolkata South,East,4.0,18000,11000,23
2025-12-08,ORD-12404,Nespresso Coffee Machine,Home & Kitchen,Kolkata South,East,4.0,18500,12500,87
2025-12-08,ORD-12405,Nespresso Coffee Machine,Home & Kitchen,Chennai Central,South,1.0,18500,12500,38
2025-12-08,ORD-12406,Dyson Airwrap Styler,Home & Kitchen,Kolkata South,East,2.0,49000,38000,146
2025-12-09,ORD-12407,Robot Vacuum Cleaner,Home & Kitchen,Kolkata South,East,2.0,29000,19000,33
2025-12-09,ORD-12408,Artisanal Dark Chocolate Pack,Grocery,Bengaluru East,South,3.0,650,380,99
2025-12-09,ORD-12409,Samsung Galaxy S24,Electronics,Kolkata South,East,3.0,90000,72000,131
2025-12-09,ORD-12410,Robot Vacuum Cleaner,Home & Kitchen,Chennai Central,South,4.0,29000,19000,90
2025-12-10,ORD-12411,Robot Vacuum Cleaner,Home & Kitchen,Chennai Central,South,1.0,29000,19000,72
2025-12-10,ORD-12412,Standing Desk Dual Motor,Furniture,Mumbai West,West,3.0,32000,21000,72
2025-12-10,ORD-12413,Nespresso Coffee Machine,Home & Kitchen,Kolkata South,East,4.0,18500,12500,66
2025-12-10,ORD-12414,Nespresso Coffee Machine,Home & Kitchen,Kolkata South,East,2.0,18500,12500,63
2025-12-11,ORD-12415,Adidas Ultraboost,Apparel,Mumbai West,West,1.0,12000,7000,21
2025-12-11,ORD-12416,Dyson Airwrap Styler,Home & Kitchen,Mumbai West,West,3.0,49000,38000,32
2025-12-11,ORD-12417,Solid Wood Dining Table,Furniture,Mumbai West,West,2.0,45000,30000,92
2025-12-11,ORD-12418,Zara Cotton Shirt,Apparel,Delhi North,North,2.0,2500,1200,70
2025-12-11,ORD-12419,Ergonomic Office Chair,Furniture,Mumbai West,West,4.0,18000,11000,46
2025-12-12,ORD-12420,Sony WH-1000XM5 Headphones,Electronics,Mumbai West,West,4.0,28000,20000,27
2025-12-12,ORD-12421,Imported Coffee Beans 500g,Grocery,Bengaluru East,South,4.0,1200,750,112
2025-12-12,ORD-12422,Dyson Airwrap Styler,Home & Kitchen,Chennai Central,South,2.0,49000,38000,144
2025-12-12,ORD-12423,Dyson Airwrap Styler,Home & Kitchen,Mumbai West,West,2.0,49000,38000,45
2025-12-12,ORD-12424,Nespresso Coffee Machine,Home & Kitchen,Delhi North,North,4.0,18500,12500,63
2025-12-12,ORD-12425,Nike Air Max Sneakers,Apparel,Kolkata South,East,3.0,9500,5500,137
2025-12-12,ORD-12426,Ergonomic Office Chair,Furniture,Bengaluru East,South,1.0,18000,11000,16
2025-12-13,ORD-12427,Imported Coffee Beans 500g,Grocery,Chennai Central,South,6.0,1200,750,94
2025-12-13,ORD-12428,Sony WH-1000XM5 Headphones,Electronics,Delhi North,North,2.0,28000,20000,36
2025-12-13,ORD-12429,Imported Coffee Beans 500g,Grocery,Chennai Central,South,6.0,1200,750,26
2025-12-13,ORD-12430,Levi's Denim Jacket,Apparel,Mumbai West,West,1.0,4500,2400,47
2025-12-13,ORD-12431,Philips Air Fryer XL,Home & Kitchen,Mumbai West,West,4.0,12500,8500,24
2025-12-13,ORD-12432,Dell XPS 15,Electronics,Mumbai West,West,3.0,140000,110000,110
2025-12-13,ORD-12433,Robot Vacuum Cleaner,Home & Kitchen,Mumbai West,West,4.0,29000,19000,59
2025-12-13,ORD-12434,Puma Track Pants,Apparel,Mumbai West,West,2.0,2200,1100,108
2025-12-13,ORD-12435,Samsung Galaxy S24,Electronics,Chennai Central,South,4.0,90000,72000,67
2025-12-13,ORD-12436,Standing Desk Dual Motor,Furniture,Delhi North,North,3.0,32000,21000,97
2025-12-14,ORD-12437,MacBook Air M3,Electronics,Chennai Central,South,4.0,115000,90000,23
2025-12-14,ORD-12438,Zara Cotton Shirt,Apparel,Chennai Central,South,4.0,2500,1200,149
2025-12-14,ORD-12439,Levi's Denim Jacket,Apparel,Chennai Central,South,1.0,4500,2400,104
2025-12-14,ORD-12440,Nike Air Max Sneakers,Apparel,Bengaluru East,South,1.0,9500,5500,43
2025-12-14,ORD-12441,Imported Coffee Beans 500g,Grocery,Bengaluru East,South,3.0,1200,750,15
2025-12-14,ORD-12442,Standing Desk Dual Motor,Furniture,Bengaluru East,South,3.0,32000,21000,47
2025-12-14,ORD-12443,Minimalist Sofa 3-Seater,Furniture,Kolkata South,East,1.0,60000,40000,137
2025-12-15,ORD-12444,Philips Air Fryer XL,Home & Kitchen,Mumbai West,West,2.0,12500,8500,146
2025-12-15,ORD-12445,Levi's Denim Jacket,Apparel,Mumbai West,West,1.0,4500,2400,39
2025-12-15,ORD-12446,Artisanal Dark Chocolate Pack,Grocery,Kolkata South,East,4.0,650,380,72
2025-12-15,ORD-12447,Solid Wood Dining Table,Furniture,Delhi North,North,3.0,45000,30000,133
2025-12-15,ORD-12448,Nespresso Coffee Machine,Home & Kitchen,Mumbai West,West,3.0,18500,12500,123
2025-12-15,ORD-12449,Solid Wood Dining Table,Furniture,Kolkata South,East,1.0,45000,30000,113
2025-12-15,ORD-12450,Samsung Galaxy S24,Electronics,Mumbai West,West,1.0,90000,72000,51
2025-12-16,ORD-12451,Levi's Denim Jacket,Apparel,Bengaluru East,South,3.0,4500,2400,17
2025-12-16,ORD-12452,Robot Vacuum Cleaner,Home & Kitchen,Bengaluru East,South,3.0,29000,19000,63
2025-12-16,ORD-12453,Robot Vacuum Cleaner,Home & Kitchen,Bengaluru East,South,2.0,29000,19000,131
2025-12-16,ORD-12454,Nespresso Coffee Machine,Home & Kitchen,Kolkata South,East,4.0,18500,12500,45
2025-12-17,ORD-12455,Nespresso Coffee Machine,Home & Kitchen,Delhi North,North,2.0,18500,12500,80
2025-12-17,ORD-12456,Standing Desk Dual Motor,Furniture,Kolkata South,East,4.0,32000,21000,39
2025-12-17,ORD-12457,Minimalist Sofa 3-Seater,Furniture,Chennai Central,South,3.0,60000,40000,124
2025-12-17,ORD-12458,Dell XPS 15,Electronics,Mumbai West,West,1.0,140000,110000,73
2025-12-17,ORD-12459,Organic Extra Virgin Olive Oil 1L,Grocery,Chennai Central,South,3.0,1400,950,103
2025-12-17,ORD-12460,Standing Desk Dual Motor,Furniture,Bengaluru East,South,1.0,32000,21000,144
2025-12-18,ORD-12461,Premium Basmati Rice 5kg,Grocery,Mumbai West,West,1.0,850,580,65
2025-12-18,ORD-12462,Solid Wood Dining Table,Furniture,Kolkata South,East,1.0,45000,30000,107
2025-12-18,ORD-12463,Philips Air Fryer XL,Home & Kitchen,Kolkata South,East,2.0,12500,8500,110
2025-12-18,ORD-12464,Nike Air Max Sneakers,Apparel,Mumbai West,West,2.0,9500,5500,53
2025-12-18,ORD-12465,Robot Vacuum Cleaner,Home & Kitchen,Mumbai West,West,3.0,29000,19000,27
2025-12-19,ORD-12466,Standing Desk Dual Motor,Furniture,Kolkata South,East,4.0,32000,21000,136
2025-12-19,ORD-12467,Artisanal Dark Chocolate Pack,Grocery,Mumbai West,West,1.0,650,380,34
2025-12-19,ORD-12468,Minimalist Sofa 3-Seater,Furniture,Mumbai West,West,1.0,60000,40000,30
2025-12-19,ORD-12469,Premium Basmati Rice 5kg,Grocery,Mumbai West,West,3.0,850,580,77
2025-12-19,ORD-12470,Premium Basmati Rice 5kg,Grocery,Bengaluru East,South,4.0,850,580,78
2025-12-19,ORD-12471,Ergonomic Office Chair,Furniture,Mumbai West,West,3.0,18000,11000,50
2025-12-19,ORD-12472,Organic Extra Virgin Olive Oil 1L,Grocery,Kolkata South,East,4.0,1400,950,128
2025-12-20,ORD-12473,Minimalist Sofa 3-Seater,Furniture,Chennai Central,South,1.0,60000,40000,148
2025-12-20,ORD-12474,Ergonomic Office Chair,Furniture,Kolkata South,East,4.0,18000,11000,74
2025-12-20,ORD-12475,Artisanal Dark Chocolate Pack,Grocery,Chennai Central,South,3.0,650,380,33
2025-12-20,ORD-12476,Minimalist Sofa 3-Seater,Furniture,Chennai Central,South,4.0,60000,40000,80
2025-12-20,ORD-12477,iPad Air 5th Gen,Electronics,Bengaluru East,South,4.0,55000,42000,58
2025-12-20,ORD-12478,Artisanal Dark Chocolate Pack,Grocery,Mumbai West,West,2.0,650,380,107
2025-12-20,ORD-12479,Zara Cotton Shirt,Apparel,Bengaluru East,South,4.0,2500,1200,29
2025-12-20,ORD-12480,MacBook Air M3,Electronics,Delhi North,North,3.0,115000,90000,145
2025-12-21,ORD-12481,Artisanal Dark Chocolate Pack,Grocery,Delhi North,North,1.0,650,380,40
2025-12-21,ORD-12482,Premium Basmati Rice 5kg,Grocery,Kolkata South,East,4.0,850,580,126
2025-12-21,ORD-12483,Ergonomic Office Chair,Furniture,Bengaluru East,South,4.0,18000,11000,147
2025-12-21,ORD-12484,Organic Extra Virgin Olive Oil 1L,Grocery,Kolkata South,East,2.0,1400,950,39
2025-12-21,ORD-12485,Samsung Galaxy S24,Electronics,Delhi North,North,4.0,90000,72000,115
2025-12-21,ORD-12486,MacBook Air M3,Electronics,Bengaluru East,South,4.0,115000,90000,148
2025-12-21,ORD-12487,Sony WH-1000XM5 Headphones,Electronics,Bengaluru East,South,1.0,28000,20000,70
2025-12-21,ORD-12488,Philips Air Fryer XL,Home & Kitchen,Chennai Central,South,3.0,12500,8500,40
2025-12-21,ORD-12489,Standing Desk Dual Motor,Furniture,Chennai Central,South,4.0,32000,21000,79
2025-12-22,ORD-12490,Minimalist Sofa 3-Seater,Furniture,Mumbai West,West,3.0,60000,40000,129
2025-12-22,ORD-12491,MacBook Air M3,Electronics,Bengaluru East,South,3.0,115000,90000,56
2025-12-22,ORD-12492,Puma Track Pants,Apparel,Kolkata South,East,3.0,2200,1100,117
2025-12-22,ORD-12493,Solid Wood Dining Table,Furniture,Bengaluru East,South,1.0,45000,30000,100
2025-12-22,ORD-12494,Solid Wood Dining Table,Furniture,Delhi North,North,3.0,45000,30000,40
2025-12-22,ORD-12495,iPad Air 5th Gen,Electronics,Bengaluru East,South,3.0,55000,42000,142
2025-12-23,ORD-12496,Premium Basmati Rice 5kg,Grocery,Delhi North,North,6.0,850,580,101
2025-12-23,ORD-12497,Artisanal Dark Chocolate Pack,Grocery,Mumbai West,West,6.0,650,380,19
2025-12-23,ORD-12498,Samsung Galaxy S24,Electronics,Kolkata South,East,3.0,90000,72000,144
2025-12-23,ORD-12499,Nespresso Coffee Machine,Home & Kitchen,Kolkata South,East,2.0,18500,12500,116
2025-12-23,ORD-12500,Dyson Airwrap Styler,Home & Kitchen,Mumbai West,West,1.0,49000,38000,38
2025-12-24,ORD-12501,Solid Wood Dining Table,Furniture,Delhi North,North,3.0,45000,30000,116
2025-12-24,ORD-12502,Zara Cotton Shirt,Apparel,Chennai Central,South,3.0,2500,1200,36
2025-12-24,ORD-12503,Solid Wood Dining Table,Furniture,Bengaluru East,South,1.0,45000,30000,77
2025-12-24,ORD-12504,Philips Air Fryer XL,Home & Kitchen,Delhi North,North,1.0,12500,8500,141
2025-12-24,ORD-12505,Levi's Denim Jacket,Apparel,Mumbai West,West,2.0,4500,2400,127
2025-12-24,ORD-12506,Levi's Denim Jacket,Apparel,Chennai Central,South,3.0,4500,2400,77
2025-12-24,ORD-12507,Dell XPS 15,Electronics,Bengaluru East,South,4.0,140000,110000,121
2025-12-25,ORD-12508,Philips Air Fryer XL,Home & Kitchen,Bengaluru East,South,2.0,12500,8500,147
2025-12-25,ORD-12509,Robot Vacuum Cleaner,Home & Kitchen,Kolkata South,East,4.0,29000,19000,81
2025-12-25,ORD-12510,Minimalist Sofa 3-Seater,Furniture,Bengaluru East,South,3.0,60000,40000,108
2025-12-25,ORD-12511,Adidas Ultraboost,Apparel,Kolkata South,East,3.0,12000,7000,34
2025-12-25,ORD-12512,Adidas Ultraboost,Apparel,Mumbai West,West,2.0,12000,7000,39
2025-12-25,ORD-12513,Robot Vacuum Cleaner,Home & Kitchen,Kolkata South,East,3.0,29000,19000,41
2025-12-25,ORD-12514,Philips Air Fryer XL,Home & Kitchen,Delhi North,North,2.0,12500,8500,134
2025-12-25,ORD-12515,Ergonomic Office Chair,Furniture,Bengaluru East,South,4.0,18000,11000,142
2025-12-26,ORD-12516,Organic Extra Virgin Olive Oil 1L,Grocery,Mumbai West,West,8.0,1400,950,29
2025-12-26,ORD-12517,Standing Desk Dual Motor,Furniture,Mumbai West,West,1.0,32000,21000,105
2025-12-26,ORD-12518,iPad Air 5th Gen,Electronics,Delhi North,North,3.0,55000,42000,22
2025-12-26,ORD-12519,Robot Vacuum Cleaner,Home & Kitchen,Bengaluru East,South,2.0,29000,19000,116
2025-12-26,ORD-12520,Zara Cotton Shirt,Apparel,Delhi North,North,3.0,2500,1200,99
2025-12-26,ORD-12521,Puma Track Pants,Apparel,Kolkata South,East,4.0,2200,1100,51
2025-12-26,ORD-12522,Nespresso Coffee Machine,Home & Kitchen,Chennai Central,South,1.0,18500,12500,106
2025-12-26,ORD-12523,Dyson Airwrap Styler,Home & Kitchen,Chennai Central,South,1.0,49000,38000,150
2025-12-27,ORD-12524,Levi's Denim Jacket,Apparel,Kolkata South,East,2.0,4500,2400,61
2025-12-27,ORD-12525,iPad Air 5th Gen,Electronics,Bengaluru East,South,1.0,55000,42000,99
2025-12-27,ORD-12526,iPhone 15 Pro,Electronics,Bengaluru East,South,4.0,120000,95000,119
2025-12-27,ORD-12527,Imported Coffee Beans 500g,Grocery,Mumbai West,West,3.0,1200,750,39
2025-12-27,ORD-12528,Minimalist Sofa 3-Seater,Furniture,Mumbai West,West,4.0,60000,40000,79
2025-12-27,ORD-12529,Organic Extra Virgin Olive Oil 1L,Grocery,Mumbai West,West,7.0,1400,950,66
2025-12-27,ORD-12530,Adidas Ultraboost,Apparel,Chennai Central,South,3.0,12000,7000,130
2025-12-27,ORD-12531,Dell XPS 15,Electronics,Delhi North,North,1.0,140000,110000,30
2025-12-28,ORD-12532,iPad Air 5th Gen,Electronics,Delhi North,North,1.0,55000,42000,58
2025-12-28,ORD-12533,Dell XPS 15,Electronics,Chennai Central,South,1.0,140000,110000,98
2025-12-28,ORD-12534,Artisanal Dark Chocolate Pack,Grocery,Chennai Central,South,2.0,650,380,59
2025-12-28,ORD-12535,Puma Track Pants,Apparel,Bengaluru East,South,2.0,2200,1100,70
2025-12-28,ORD-12536,Ergonomic Office Chair,Furniture,Mumbai West,West,3.0,18000,11000,60
2025-12-28,ORD-12537,Premium Basmati Rice 5kg,Grocery,Kolkata South,East,8.0,850,580,22
2025-12-28,ORD-12538,Dyson Airwrap Styler,Home & Kitchen,Kolkata South,East,1.0,49000,38000,94
2025-12-28,ORD-12539,MacBook Air M3,Electronics,Mumbai West,West,2.0,115000,90000,40
2025-12-28,ORD-12540,Premium Basmati Rice 5kg,Grocery,Kolkata South,East,6.0,850,580,131
2025-12-28,ORD-12541,Robot Vacuum Cleaner,Home & Kitchen,Bengaluru East,South,1.0,29000,19000,31
2025-12-28,ORD-12542,Solid Wood Dining Table,Furniture,Delhi North,North,2.0,45000,30000,76
2025-12-29,ORD-12543,Zara Cotton Shirt,Apparel,Chennai Central,South,3.0,2500,1200,30
2025-12-29,ORD-12544,Organic Extra Virgin Olive Oil 1L,Grocery,Kolkata South,East,6.0,1400,950,149
2025-12-29,ORD-12545,Robot Vacuum Cleaner,Home & Kitchen,Kolkata South,East,2.0,29000,19000,87
2025-12-29,ORD-12546,Solid Wood Dining Table,Furniture,Bengaluru East,South,2.0,45000,30000,89
2025-12-29,ORD-12547,Imported Coffee Beans 500g,Grocery,Bengaluru East,South,2.0,1200,750,140
2025-12-29,ORD-12548,Sony WH-1000XM5 Headphones,Electronics,Chennai Central,South,3.0,28000,20000,138
2025-12-29,ORD-12549,Robot Vacuum Cleaner,Home & Kitchen,Delhi North,North,4.0,29000,19000,88
2025-12-30,ORD-12550,Dyson Airwrap Styler,Home & Kitchen,Mumbai West,West,1.0,49000,38000,93
2025-12-30,ORD-12551,Philips Air Fryer XL,Home & Kitchen,Delhi North,North,1.0,12500,8500,22
2025-12-30,ORD-12552,MacBook Air M3,Electronics,Bengaluru East,South,2.0,115000,90000,105
2025-12-30,ORD-12553,Dyson Airwrap Styler,Home & Kitchen,Bengaluru East,South,2.0,49000,38000,145
2025-12-31,ORD-12554,Nike Air Max Sneakers,Apparel,Bengaluru East,South,2.0,9500,5500,71
2025-12-31,ORD-12555,Ergonomic Office Chair,Furniture,Mumbai West,West,4.0,18000,11000,67
2025-12-31,ORD-12556,Dyson Airwrap Styler,Home & Kitchen,Chennai Central,South,4.0,49000,38000,67
2025-12-31,ORD-12557,MacBook Air M3,Electronics,Chennai Central,South,2.0,115000,90000,99
2025-01-02,ORD-10011,Nike Air Max Sneakers,Apparel,Bengaluru East,South,3.0,9500,5500,131
2025-01-04,ORD-10026,Dyson Airwrap Styler,Home & Kitchen,Kolkata South,East,3.0,49000,38000,2
2025-01-15,ORD-10101,Standing Desk Dual Motor,Furniture,Bengaluru East,South,1.0,32000,21000,114
